Feature1,Feature2,Feature3,Feature4
2.8315162879669744,5.71944355362307,1.7525215045286247,1.8873431018738271
9.263945796238092,-4.2427765830373225,6.414087357039884,-0.7458452840903902
8.533496467854562,-1.9891450164358009,6.508863079886467,1.6550546495989105
7.476607653262988,-2.128530210758859,5.203018575485245,-1.4912834850344945
3.6019128755810716,7.911748502882471,-7.900238197596725,-6.3187523950424005
-0.25080174515006703,2.3750315958548462,-2.015864000868661,5.797438496964882
-10.257726124633031,7.299586638495828,5.656800223281882,6.064558238730151
9.500986204973954,-1.8042570232939745,5.682855229481982,0.31901362740071815
10.720115677442454,-1.900569423263097,6.902233913176251,-1.046194823291957
0.2796334077887106,7.178438339423541,-8.974322033453715,-8.08097087354761
0.597370143260428,8.15846931623695,-7.593915057520114,-6.253826254229537
1.1269682223337132,4.999305638944693,2.0612063358193806,-0.1512367115247777
-10.38160047625325,6.242330901191321,5.698119288398197,6.7879401078253645
-2.6801844078348536,2.1972670140995323,-1.65074177259317,8.57811901813903
-8.725756795926893,5.795316714035918,5.807609858111893,7.062205169048554
0.45620083222323204,7.269382687664343,-10.690818197203033,-8.754468373567034
0.5616474496803514,7.45348898554642,-9.402039506247029,-7.888452817332736
-10.131597969406782,7.440356379181892,5.045337517181737,7.264289079777011
-10.453745966827283,7.458593728195488,4.499187759606492,7.294425209752619
1.129558547678919,4.997916035586276,1.72653982869627,1.5616287354641587
0.8026618428271133,5.202027949852005,1.8574800697601481,0.05988740055273112
0.528104715865787,3.654449399718002,2.0318444164114258,1.976858388050426
0.28079075357282846,8.813933369187124,-9.7014064352905,-8.317782774754734
2.7844018891254705,4.740425802077683,2.247996517932605,1.594102333329376
-0.6255659704260419,3.41660638560335,1.1224784799264396,2.1409830443930917
0.5204447307471263,5.729946079467656,2.9913966697439602,1.576043758778407
1.3425866650790086,8.169189868487319,-8.146712885217935,-8.173219924428599
8.7399755904265,-1.490374671314247,6.88337195110848,2.1928693340492282
9.207418203191217,-4.445392790750317,4.170663680077698,0.7680867357479924
-2.616125223121004,2.5716789250609033,-3.0936629932548056,5.236537759845669
1.5546483467827248,8.096234404822818,-9.283784340550334,-6.736485163514349
-10.702719807013164,6.904234568073254,4.318266313037415,7.959225581371456
10.994043899824511,-2.353084394983249,4.751582785259885,-0.9988023359478284
7.713849285923932,-3.3023588358723406,5.02500323805506,0.27863821207263645
8.748721076568996,-2.0594568081772175,4.947013765650072,-0.3185656138703279
0.6653839068480234,4.401187493717173,2.454313867073008,-1.8749290964887133
0.7082602951483832,3.807179117718873,3.3916537037556713,0.7776225378418288
-1.5470140743652498,3.966205089407519,0.13652841421956174,8.123133458414662
-10.744192000182313,6.234696707919457,5.373315784268996,5.831091095924081
-0.2231163122575237,3.1751175796692985,-0.22877054310683564,9.478269250033907
-2.954579425257406,3.270816081590756,-1.5424143987998806,6.8791480185494525
1.9881125115406841,3.6458362826872213,2.5236527557099295,2.63354265762365
-10.605294687412938,8.273207991363115,5.035410975534915,8.237464572300793
10.290836706015595,-3.273488799203574,4.3700082121627855,1.5898194584058574
2.636877638441009,2.8871838450227494,-0.7469352769588351,-0.29076076164508247
2.459930727123515,8.178203950641844,-9.038116083056144,-9.085489007809139
9.23184269775494,-1.07912178412141,5.249163528014954,0.596265835325418
1.3967766589749933,8.775674025638196,-8.439669358916637,-8.468806446689475
1.646570232579063,7.324729521193704,-11.264725945276963,-7.07369382984253
1.3542069388672355,7.885235303245031,-8.27299965385289,-7.3969193444329635
-1.529322804498022,2.7877118752393564,-0.24778475508373932,7.248858128322972
-0.8972925235164666,3.559668655662783,-1.4889429274202537,8.453881724496716
-9.168219865432599,5.336906882941226,5.6867922271639495,6.414763803216838
9.901697808007947,-2.4493044633395766,6.35728965534089,-0.22924221738007178
2.3503709713545273,8.606138757011315,-8.523318065783032,-8.901167820575084
-3.3683759062411553,2.586305366118603,-1.9415646693709614,7.574947054409927
-0.7065875150750044,2.560416592647423,-1.1611180247928252,9.063961911765379
0.4334086025297773,4.719837373709815,0.8990850896109652,1.6788617616479302
0.7537930683035747,3.4448674196407185,2.1062217984441673,-0.8965656115517842
0.8522290081610088,9.838411014469548,-9.29659458403114,-8.93471111145715
1.9316451225925066,7.226029615066814,-10.354754125024478,-10.474276008495957
-1.3064449155966795,1.4677048619727986,-1.2819051054652917,8.654828801349634
8.775562584620577,-2.944350188204013,4.935192607066878,-0.11723886456002197
-2.4969834146272447,4.163258810773456,-0.551384400645753,7.77090799668406
-2.489891613608542,1.3169269841736913,0.509081527537002,8.529055324638609
-10.088253128940034,7.014030845028985,5.801563548990938,6.893988960509479
1.6665718913166447,8.731864719818825,-8.031605808314028,-7.958511572178564
3.585667260024753,9.953495334171954,-9.30838028734927,-9.416546257576249
9.59911962717117,-1.141758012653858,6.11388259197865,-1.9372193879152206
-11.054334163668702,6.092455332210312,4.667530529378501,7.90203688367277
2.0022770344962995,8.193980121903904,-9.248712873388973,-7.404237986667592
-3.198467845759713,3.439894380640356,-1.3509960655765458,7.296465776315701
0.2911730982150682,3.5942663167403897,2.7990676751988603,1.4898127507196708
2.670483680795404,9.69879977873208,-7.6986019219150705,-7.915490128777069
9.610595962947167,-3.730583039099314,6.418882860839312,0.7614345658172724
9.821055539070105,-3.3807485152290093,3.6636103521731824,1.8971435334900082
-1.5872692507375417,2.929462429164409,-1.6742807676491744,6.966126482104192
2.470754623037864,2.2338023024348574,2.481526252210979,1.5745716949681823
1.7535470423144504,4.012745864175364,2.609395099759648,0.22753776221064037
-0.015396545639279502,2.4886783465799054,-1.5297459033605754,7.536809508238537
9.333489087693772,-4.1000042198215745,4.994196261474392,-0.43363187386935276
1.6365775996832332,7.166929149552989,-8.499811322115358,-8.702028797293167
2.199147525599905,2.2172772985932023,1.464510368522916,1.8696339538035125
10.964319981080587,-2.682390785728358,5.486767070293614,0.576281358821853
-1.7989063473733415,4.092298419396212,-1.7634668762959818,6.33025090795103
-1.0129993876147887,2.763229355577696,2.369293213253481,1.2705396687903745
8.522861998938081,-1.9834326779085938,6.100071768491494,1.405732291285839
-11.020606230142079,7.2959683170427,4.017983799178128,7.390095602638731
0.19904203639136064,4.003783750510594,1.0487084566386404,-1.2456444053007516
1.0934481731576435,8.391915414404131,-7.467372726488016,-8.052755977441604
0.85909726772891,7.74888742026644,-9.33921073646903,-9.998016076591691
-0.9665922782784248,3.540478875724261,-1.8977678675915985,9.441233558064111
-0.6961745090243856,4.925862523966493,2.9162407919288245,-0.7933341018711122
-1.1482463714472977,4.540446112569544,-3.6537676509657815,6.868732864491829
8.416211182419133,-3.1055725710364444,6.543288089619235,0.5963719970883263
-2.1142790797711295,4.2427505328118436,-0.40760729660805683,8.096566197204552
7.822887122869007,-2.1342891942280064,5.459918847218436,-0.10732649508888359
-9.25788783874463,7.650509118987279,6.266482584032597,8.218144514804111
-9.634960295551753,5.714005810196183,5.943732024544923,8.119860680786237
0.515632220795144,1.9984210772197004,-1.133585745531162,7.698036311933592
-10.092339072751045,7.357871214189268,6.8842829892739275,7.672681865464248
2.164299870898797,4.6207299393732395,2.976126345213697,1.216391312880958
1.200522299512177,2.6250989646197334,2.2702331120589716,0.9948828919408549
0.9083249581559965,6.664015913101805,2.6108131245034207,1.3371859827717354
0.23521454514236562,4.363796394405513,3.1957559456199682,1.07048833537829
1.0049642947866424,9.057060650760357,-7.2895144867336725,-8.399241729733692
10.552841441050406,-0.8802025646569258,4.925729472366278,-0.29715768453116387
-9.419768330243311,6.539118962908548,5.424271048970793,6.832779551110872
0.5206316387895538,7.508450634203755,-8.545273505175855,-7.624756084680985
2.520804444477787,3.8900248337290915,1.5511354412691398,2.176192848922602
-1.2718005932332888,1.1760532439238685,-2.097098615875486,8.585209734446623
-0.2345855593970949,3.9100536157540007,2.140520096003265,0.9970856466464787
7.287905082955093,-2.773511852011925,4.894912666346511,0.2575807204204041
-1.3482838143959688,3.699563414310012,-1.7728961773116678,6.454363317733522
9.86221307748977,-1.6229180172679825,5.9699327529417205,0.14367764214396883
9.122001322759214,-1.872075613751528,5.081038819679336,-0.22627248196091565
-1.3937241281126203,2.3762039126328562,-2.1135581382703226,7.742931890717861
1.1813567037783488,5.465321131007507,3.0461766951177234,0.7109545481281576
-1.7558994283113099,4.44252869213274,-0.8590609340845332,6.592515710155213
-2.291685984773108,3.4818837708243353,-1.862185082358204,8.541096628232811
-10.347209171073006,5.192038006985855,5.70700414510006,5.062551111364181
-0.35857323008422437,1.8731146017510856,-1.1846850085452085,7.499777617495295
8.959593053315503,-3.8277826695881894,5.351721726328464,0.028806682296518615
7.506769095136504,-2.3819772908513808,7.829590279574153,2.145184160801378
9.727705298564512,-1.7950227003918293,4.002043434183495,0.620798381017256
0.998482746241159,9.00004579766793,-8.749547452982435,-9.426504586415959
8.594010822962458,-2.7394559016068536,5.491970110527349,0.04683857348680409
0.9905987413797492,8.155665369767322,-6.890419684485604,-7.232549447807403
-9.061784242230246,8.529742030222993,7.447233348741798,6.794501208486325
-10.882297311241558,7.36920479513867,5.799378739976281,6.823714818458564
8.857235304086528,-1.6198952419511712,5.793962760642081,-1.1265572390731977
0.4440290189129925,7.973281218071618,-8.173991487568987,-9.947144268898883
-1.3240356328119463,2.5025670867975673,-2.4466341643150287,8.903594955133439
-8.863105464311403,7.328773219056439,4.596130764554506,7.943909473473236
9.920828273322448,-1.8837989314126793,5.687730133536804,1.3573554756141437
0.30993439581509263,7.5080094779776,-10.200689772824756,-9.373549950665398
0.7679849754514987,5.878158564923962,2.2542570158380655,2.886395578533328
-0.4603065845098866,2.7281740617594927,-2.3208397255736193,8.771826142570813
-1.5803029715665005,3.139761834341887,0.8356375396216893,8.082975031051243
1.1934497111847753,4.381998508540542,3.45981303637259,1.0441044304161866
-3.438320644234786,3.7557737796612516,-0.23253837549306744,8.93077345572627
-8.908707859357161,7.8849743020087875,4.876269356946739,6.561456586143249
1.1875931061564704,4.101393064587324,1.4333393631939322,1.0614341062425514
0.17064357100712724,3.185475403126758,1.9242135098914657,2.0307435394976587
1.0334647975385312,9.24334567622065,-9.414035052331013,-8.478396997767113
8.595125413709,-1.9970700245983646,5.079572520077506,0.18951587852579305
1.427407097354945,9.356207942962026,-8.627878575733975,-7.690094882138152
0.669559037038267,7.110225000541233,-8.206576400120493,-8.894361406399211
1.10283888007727,5.096794398145818,2.693291554928333,1.2376882581975894
1.6969326864535361,8.512697921587407,-7.934036397997647,-8.256039906858902
0.06897171416325287,4.355732723244529,2.7843580836104147,1.0266465706953476
1.3148514723188167,8.291949606330972,-8.25690064680189,-10.127960100787142
-10.784154532254174,6.698651606107491,5.318432797769307,7.7240038799716135
9.455952301299101,-2.1427046263462355,6.232096275995225,-0.0866827196477673
10.003482134307559,-3.112007712023564,6.405544442409454,-0.12031847360431147
2.5767622170288895,8.351808681693477,-8.677583208719938,-7.722117555780028
-9.782285898514383,7.47439258403453,5.82576923114245,7.348504251962292
-10.385901457784309,6.942842391067251,7.146923502330014,6.323910294423385
-7.862983517619728,6.749635729097144,5.494881228778872,7.945971272433967
0.791920054025138,8.656834889407559,-7.069161839258683,-9.065170695197224
1.0173523046903745,4.897253247051629,2.0654530401449516,3.0959599986084294
1.3590025085587631,4.269545046916436,3.1516143670986763,0.6634478585934003
0.9405020066862739,6.68453267866814,2.385844277707252,1.8469101334961726
3.8459084768483227,9.811615555424545,-8.760433593480075,-8.714197226907466
0.6617488616789202,8.946964533126614,-9.572291891890975,-8.330702815039377
-9.821838329980393,6.022441143957035,4.779409636174348,8.185944582337582
-1.3140426260649973,4.484380142221727,-1.5071611756688916,9.546949003541544
-9.53705792033227,6.905013734482189,5.737199802651874,7.433795262910252
-1.583975806139361,3.327685009804511,-0.5254033948088401,7.673518392033675
-1.8081419526548173,2.9345887689360075,-0.09433610560000627,7.234544979224877
-2.8174783187601236,1.7808944325657046,-3.0645923550675276,5.77615271847929
-9.73731122435836,6.9580119049407285,5.044603389601088,7.122237570311888
-8.960891826361715,6.829827730273079,5.757395530970441,7.380685762860075
-0.3884881515359373,4.28191741865931,1.784060181542714,-0.41951112886785746
0.7251715200882577,7.372288566342981,-7.773044847728706,-9.503332023025582
3.775977727633412,3.9780110028633615,0.9028517924733772,1.7858956499867151
2.9118322799823915,9.388755714410255,-10.363325725185028,-8.43062550503267
1.8063213427858504,8.130103095947684,-10.113200683431554,-7.92443167448608
-1.6156284265345648,4.430652375059138,-0.6745476011716499,7.29445603940166
-2.067680439492679,2.794208722440309,-0.41123134510314596,8.12854729267361
11.330149063558842,-2.150749909310209,5.7677915126720904,0.5495444152713317
0.7847432345456112,7.977779165513969,-7.141301853408272,-8.216881972307469
1.9151087214576341,4.7508414797725464,3.182422035904424,-0.42716371002178755
-9.776734189958152,6.958177375284888,7.116856128674526,7.077761258353935
-2.1815918937409253,2.12476987844432,-0.9978022278462435,8.474372601659432
8.888974640920667,-1.8624627850229267,5.5264650664852555,1.2239445022034037
-0.6349364312240089,3.3817550265616423,-0.6305949280113631,10.331877078401448
1.5713554404097776,8.418169791902654,-9.273268391128546,-9.701253102838479
-10.350740469348139,7.577232857135004,5.268336435057891,8.380913273170943
-1.7036867265484004,0.7186282160054032,-0.5189670275432864,8.936018255690286
8.520413977934798,-2.590033771137535,4.597302894703544,0.5080092257478784
9.195386071380021,-0.6273396737661547,5.560579999215166,0.26765084107655823
11.019933372474753,-1.9577525601185743,5.561671576558519,-1.0238868996972346
0.22766591204978526,10.060122524107065,-7.911549936111465,-6.6008761907842475
1.6456625499390365,5.042394356441211,3.359481413282381,1.0024752680102185
-0.13026564950928732,7.9499310759059485,-10.155505577477356,-8.536635673404895
-1.4425660880437796,2.620209009042143,-1.5872886504366734,7.801056266445371
-11.799516541780081,6.285940708047601,6.393189793324696,8.154309868030472
-10.05729199863492,9.436692684982814,4.706921669041016,6.565437722765895
1.8268007620699334,3.4646631368491163,1.0434934373273894,0.9826317969756445
1.7066218689235144,5.408365801019866,1.040441613698437,0.2953318063550747
0.9651244667046538,4.3152862273184525,1.2175894795249327,0.3064805561735071
-2.143018354374006,2.042401497469065,0.13514308456786828,6.37120055735609
1.9711015262255582,9.58232781560167,-8.566985314266725,-6.515524232436465
8.616472403854583,-2.222845453506449,6.638938448964064,0.8435068239774572
9.87753192471954,-3.7468813704598065,4.8621834744142065,1.6091813900049183
-1.5798185458683607,2.334519425654183,-1.6045017252314968,8.536967144581514
1.1538196511260272,9.321368852408527,-8.585417638712729,-8.47487760568741
-2.3517653976007926,3.1749930085099938,-1.9579457682564534,7.6834573556974375
9.197157060812774,-3.111766479030271,6.314745025029101,0.6099348985252125
-1.0909818260365143,2.030029864684847,1.2171407222411998,7.248902294832156
9.405782489172339,-2.855016157469077,5.451842569582083,0.6410811570052865
-2.3741796112554336,3.2573724018594037,-0.36147183622308987,8.232460826596173
-10.021854537003511,5.478579694989832,6.693187884285685,7.818404812402052
0.9316706858209216,4.563920232387158,1.9854110231766937,1.1477775668210624
0.5248277251832256,7.43290666795927,-10.038633382426651,-7.624505776495495
0.6881386258197686,5.015572595545434,1.1173199261713898,1.1713931094626608
0.0372885058687098,5.320808318861634,3.478251017948984,1.293750244894497
0.0688040971261974,4.1113831196524835,0.842751776943969,0.8170651437878114
1.5997236879708776,5.194459008879785,2.5681843682606544,-1.6435751477502878
0.9322251811705538,6.263349332654158,2.9975818297098447,-1.1074617667142115
-9.425325138860147,6.134434897404264,6.647730179680091,7.845819180710364
-9.513213044241228,6.89221181598384,6.307074818711323,7.6235769951602474
1.5896192439501307,6.147487303925958,2.3263585036487386,2.034111286989452
-2.5812135593525376,0.15895473709559482,-0.5885003569646959,9.978865526988745
9.043057142032088,-0.5254395808218058,5.8479489790608765,-0.22589019244458952
1.7787089887308887,4.592793219843756,1.5016251315016467,1.2339176803083471
0.4513306556324961,4.578204322730398,0.9552967138635708,0.4933114403139371
3.041825812429142,9.45717532961534,-7.7866513758862315,-8.383432340468184
-8.714682699721772,7.495535017914769,5.160426103076892,7.221979367596205
7.484736732940155,-1.3489479023861186,4.4319613329379175,1.399239098435499
-2.93517260599427,3.0639256711865483,-1.4031345847413785,7.577709261702339
-0.11476289883021851,4.176931454485777,5.856927736399993,3.2128342939438816
2.3713122102824093,8.2399056656905,-6.145028950424143,-8.440118050220832
1.3384003702697356,7.901923392969878,-8.677503968212509,-6.83308856652745
9.262987531210417,-2.9530727048679086,6.749187125331428,1.2111799768197953
8.13137327522252,-2.9100325042190387,8.188275083597311,1.917058202460355
6.570461814667638,-1.3097628748223957,4.213131218446709,1.0119424664795003
10.11804373556427,-3.31251827106715,4.388689272633571,1.211629420071088
8.70110851162344,-3.2637738296718983,4.488181881905576,-0.48045564568896837
8.703917412648119,-4.163459222935531,5.3756288533015555,0.13400753720276815
8.720230232189419,-2.9544480010698053,5.952585605489317,-0.009857889756390348
0.17684767900339848,4.5445748371903285,2.34438802671169,1.3105344803841115
-3.46526143112135,3.109041498059701,-1.6418586986683805,7.997250703693232
9.87862983348016,-2.8553333118651505,6.4978963519241075,0.06421157028967783
0.23124686173880604,5.316047837513725,0.527635573254104,1.8264055847448784
-0.7345265602270299,1.2928408385015315,-0.5084250568980254,8.84972912329377
-10.083763000147359,5.074017769573564,5.4705812265101805,7.998940229117903
-0.32871691940853975,2.5812321800159492,-0.40630832202204736,8.378832264640351
-9.92922312697943,6.868854360318285,7.61988514789217,8.43883471649116
0.7085365416525287,3.175775995978383,2.3357092267491737,-0.09545995099164384
-10.186523483371603,7.101457621017933,6.028671157945181,8.777287864145439
2.366804045620433,2.662438718625361,1.900231713314552,0.9637239217244294
-9.622175002910662,8.346046105850386,5.474128865130463,7.293866175934086
10.531709320824381,-3.2409989110454074,6.295110944566119,-0.3188513658782224
-1.314274945351861,3.2314035366358245,-0.6804298157786279,9.51812021664875
-1.3888096010229707,3.4304237459754368,-2.4493756496105745,7.239045025734389
-8.15732516050124,7.606128955551488,4.653268984745269,6.839625498347102
-2.1045797704914913,2.5896469586641984,-0.03589249574141906,6.404045753262581
-8.608489030823783,6.9335472327308585,7.46594844704547,7.1574978446674855
7.31324950324342,-0.8258117723895488,3.8564868536774037,-0.007869225351938347
-0.8123599368424873,1.896628253495531,-1.015956805703745,7.68054346094375
-1.669429194883436,3.173564613194158,-0.4830307650588258,7.998592108476832
8.59110917274046,-2.9427956287421537,5.792412282620609,-0.5238187018780363
2.737536205966358,5.057882991104632,1.4302401307482067,0.5072709659524288
9.680361952848113,-2.04725067596045,6.608301576450746,0.9913263714223735
8.243761206572572,-2.6358709277562156,4.99969415487862,0.02977594984813181
-0.5566509748836328,2.5918171633541687,2.1014025803885628,-0.06071082028862462
2.2924572758955044,8.902055705316789,-8.217921065727758,-9.161098291225915
-2.4673130103762753,2.6016192095608908,-1.2794792406185693,7.7018647270047
1.9746676179675837,8.355842796973493,-9.804205235122517,-7.188281940575136
9.98189100897846,-1.3178383241029705,5.19420426329596,0.10267602441889234
8.448873211468824,-3.3795348438081847,3.925333721139074,0.6276853073764695
-1.994118083270299,4.866323673113046,-1.55700071847978,5.808203835798717
9.142191886537448,-2.064412835684493,6.36047628535547,0.69002080315229
0.7146246328355943,4.121542543658447,1.8523706806662108,0.7877808806286231
10.136045442270884,-2.719028067628489,5.669224610654349,0.5921085505954519
-8.68521390925015,5.543080092463177,6.935794099784627,7.992839660262352
-9.392083281843211,7.6240590071663785,6.106374657212219,8.757632356187655
9.240116590166581,-2.3696071186000314,5.022844029343106,0.7520815092247375
-0.9010427395096019,5.392122537257897,1.9737190080923506,0.34460174886955397
0.9305661178862602,4.5242949832055634,1.0253322381239014,0.547720295348832
8.815925441583028,-1.4079861300328402,7.160019576832505,-0.375267970242651
1.1845450566233553,5.2804263639321025,2.4116339186072797,1.6042368281298849
-3.0093240407632194,2.4633365872532775,-2.2205296102393217,7.784525235194528
10.53234500482289,-2.637594961506557,6.5392869729651535,1.058483447894725
-9.076517769833567,6.983718219170543,5.289865743621485,7.269709560325087
9.17193037793367,-1.2876269515629004,4.96480420778827,-0.5853102661224845
1.0132758004566447,5.071689735181094,2.645147342167397,0.5338048499671469
-9.093951978724297,7.280385758056555,5.537218005136651,7.486096905538359
-0.4163936373960304,2.0638363708612992,-1.7824938602062725,7.6767364281695505
0.5915522264529411,4.8647902159460275,2.8327014552266627,0.9128104455667777
-11.11619644710251,7.51309334257869,5.547164704505967,7.204995925665284
0.49602803680827173,3.780536384063495,3.076492264600041,1.6063589330483634
-1.60904797333837,1.392980388368814,-1.6864348262308302,7.830068356771745
0.31127747581477694,1.9337995728748996,-0.6073073279248526,8.762151241166134
-8.76996181786501,7.8795971506224864,5.497226214060997,7.878810024313996
2.6885752998897914,3.51167230688324,1.0097429643634122,-0.1871923995235083
1.7720449928275923,6.390475456555226,-9.370643349560991,-7.62988158395388
1.332890684677989,8.681749034309558,-9.222758231615183,-6.788670011800862
-0.3236219037425556,2.1720199326375864,-1.5461013867331852,6.853224713046292
0.008187960881917089,4.780855419805255,1.6993160283860715,3.4378952806971084
11.574790434397867,-1.0565548728865966,6.870881980616847,1.3553464195888485
1.2043234036705623,4.505267274152823,2.596041106733268,-0.9204139704456327
9.69166404315323,-2.037501302117782,5.678817075965505,1.5156814270254568
2.0675956847640258,8.280084180317411,-9.703321360574348,-6.720602966984793
0.5916246554039772,3.859951234293192,3.133464825147116,-1.6615210064061596
-0.8211332348431938,3.134759397724715,-3.102162464808152,6.523370840777971
-9.665320346479792,8.219646728188218,4.923883120645158,8.000704252211953
-2.0431905589773347,2.7120274389529455,-2.0342011112843132,7.214575222405683
-1.3243682321448171,3.137268993721701,-1.3902085297298479,8.30671873906306
0.7399023287592684,8.00250716329134,-9.908891615719938,-8.909408906856221
0.058265308727449616,4.556283954525262,2.8755893186942996,2.2576122016174214
-8.732229944516467,7.2014400613140035,6.066761025384134,8.277962443357902
0.12454088129290508,6.12651092757635,1.533687843439505,-0.28702293047361516
0.9572118647712039,4.509444001467907,1.3788396825899927,1.3917666859518563
-1.382966778842369,1.970157943608057,0.15097414993920055,7.609336289287059
-8.960370395061702,6.672272906884723,6.495342474235715,5.996970045242219
-2.2628806054206505,1.8926921276988662,-1.4121461962412138,9.086505542896473
0.3244135786159046,2.52904251225974,1.5819065959303993,0.6940929884644599
1.7854503753996578,3.1056944472573518,2.4619246088997593,2.0993615156054433
-0.8292875783870125,3.310423295423902,-0.004329951124705467,7.478736688336156
10.138307080028087,-3.6377492038677683,5.181685277714693,2.2792986806057787
-9.606385454157364,7.262974002448483,4.464153572583743,5.904464447771031
-8.652941170819753,8.301671179194743,4.017629525268185,6.166219489734664
-1.8765950376658658,2.2471237450685453,-2.2048357835607764,8.43339922164271
-0.9512337009776516,3.4689162528495947,-0.6479623886679862,8.945018278919845
0.18054947741444005,1.1924638829382443,-1.5572574739745118,7.790080806661573
-9.362808331556534,5.833391806190343,4.688702936108293,5.732512671995011
1.8391987321622658,8.296162658024446,-9.020187090253913,-6.547578222736849
8.880814025020161,-2.888522545223516,4.52171064421347,0.5278453801834154
-2.608378555239453,1.2466716737781278,-0.21880427015991355,7.439907715421413
1.029195929167385,8.923138815293676,-9.04772027958286,-9.792646209386147
2.0573260226335686,5.876117644983615,1.712775331182435,-0.10176635662358369
8.524484441985406,-1.1981410743689558,5.5857321157099165,0.6264673575951746
-2.712122160567986,4.318659906813304,-2.0240193102766417,6.707878401492949
-1.8010890668809383,5.455521302229189,1.466038534922728,0.4491986537338776
3.509092267802476,9.782542578005451,-7.68732399328259,-7.7056194875721875
9.271600349247777,-2.6238276571676913,4.121165113374329,0.8554112640022968
2.0935535442346853,2.7398826926086235,2.0738948920942333,1.9519886348420146
1.8976784763570764,4.764601804597221,2.9790640817468246,0.7650956452842188
0.927781455967557,7.788321318627706,-9.84450913843715,-6.42189204282017
10.237693855201574,-0.20081723251955363,5.071270727397015,2.373459169279563
1.0879978981440805,9.522780775752008,-8.940037844854004,-9.192687878387185
-11.133099206042091,3.2201815638883033,3.454965543676319,9.078437745664345
-1.7759085099638476,2.6492419004744288,-1.1552176294507344,7.797898180388311
-0.5049758836508034,3.031229192416073,3.574026858396458,-0.2734968015121435
-1.1101913620397101,4.476687411633982,-1.71068376329487,7.4834051715904355
-8.38072206553273,6.087691478750268,6.624386636067893,7.342376923390933
-10.241308808123966,6.031349133867419,3.100184456941954,7.930268002841351
2.013926013077022,9.220211713844414,-6.9431486838007075,-9.082994812461862
9.883895227098774,-2.5955969128066676,6.255694790054367,-0.5328488908466908
-1.9211267272166501,2.2785955830805698,-1.5855622121421518,7.949488644617149
0.31655883133682494,4.77779519472542,2.7824423914533143,0.8587583532741301
-10.465309603005581,6.100833486936837,5.490166592671831,7.041382070423195
8.924636460957606,-2.717116304743254,6.117019231759354,-0.5125876757433458
-1.6627760801594347,2.3211114402936412,0.048825845179083505,7.011312746836142
1.7576238056999725,9.886695105390519,-10.504519867501523,-9.819557450676033
-2.0783354312928957,2.5678092332602187,-0.5324722915034205,7.994127564580548
1.2174740427654476,5.431570957576192,2.93639861853251,1.9306528544578825
0.4597826365980445,4.220461042201715,2.1863219706503396,0.01856764767167618
-1.7550752506321934,2.0275407289779497,-0.038483867432921315,6.570659983142314
0.7713095268161991,4.129780489940356,3.9123697911887376,1.3123379265471578
9.474781768043652,-1.2357958803738547,5.07035503875461,-0.48118302567111537
9.100687086963635,-3.3875576616802814,6.855340582362983,1.5046736926356548
0.04114286910895104,4.685611337067773,2.4535636076303704,-0.3581112218035647
-9.356007235690893,7.311039566736474,6.611373031783372,7.738242513858929
-8.784566234418206,7.272383318404242,4.3457913335230565,8.143552645905384
10.142781217547835,-2.4780524762504146,6.162592524721255,-0.7851451044848154
-9.656833208145555,6.487685801723812,7.161424231776147,7.778631783555798
1.923522046320243,4.1487772343575555,2.6693468917789582,1.8198703315044638
9.325459511868763,-4.3051366733054754,4.723096342179389,0.2532885954155447
3.37377734374954,9.196063836388426,-8.01500529177174,-9.965242604645113
2.504811363016012,8.795709211349699,-7.927195704983239,-6.703595626141114
0.4789874271532697,2.999540624510253,-1.3274651404179258,7.929428315397022
1.7079290055768874,4.238298952303907,2.4034367566746866,1.5609217496171108
1.9984804331323194,3.886357871106402,1.6017144205241034,-0.09396469844008382
-10.57098221181269,6.871046829327198,5.71671942661821,6.071367876042025
8.755713251474829,-2.18363877832621,5.91153594607215,1.5834566374040278
-9.084623392777631,6.990565238224637,6.318015651660733,7.527853188557456
9.96353152461934,-3.7481689852079647,5.019314376676895,-1.4125817868677308
-11.22719977609584,7.906176242514569,4.837902837895596,8.318866683713804
9.280854891612089,-1.0353819114232572,5.948333104338525,1.3931269002984803
0.18886833919499435,8.51415148823387,-9.147410622314052,-8.265729776069774
-8.883243748389487,6.24906200897742,5.762394582589487,6.389446622782507
-2.2380812465969444,4.02172418719296,-0.49837975079713726,7.145282297097444
-0.9566585983766515,3.458417553347249,0.49101965713250295,8.466703818378074
8.981522025315005,-2.2695648241839166,5.146177861672284,1.2093300207893092
8.67737799591916,-2.7246795823556593,6.616486038899513,0.7094771888796295
2.637304244011911,8.519039874204818,-7.683966230426768,-8.430713291324565
-9.943621530802066,7.435530467529237,4.145232618269121,7.290194567984521
9.896762673337667,-1.1527102004412715,4.398167638569399,0.08737786176963469
-1.7781538853028185,2.9584417298219483,-0.7515671547509615,8.554724503838058
-10.909444005438077,6.02209207253657,4.698271264754217,5.873133467766564
8.353750061130567,-1.605073841338592,6.7007861400283,0.06332137203264732
2.1167297524870863,3.117405326766688,0.9901194170487964,-1.2659973528784252
8.358553245432775,-2.9151179153210025,5.687624750533687,1.4904043444168251
9.777109920381692,-2.957474255200756,5.806218628403331,-0.137600767781192
-2.1129858982095717,2.7120426306686243,-0.8046517782270017,7.625761623659699
-8.36520674988322,7.672001808501026,5.758804971157752,6.439405161916858
2.89921210502688,5.784302118882814,3.922826481859448,1.8037083182133222
1.5402786136203042,3.0192350294558628,1.9509240299381854,-0.09033828255579757
0.02223155070229832,2.191298748428273,-0.2730599110658124,6.550672510253246
2.214068369362188,7.724473352765244,-7.093249846020362,-8.654097334361802
1.376508756280305,8.059457683953397,-7.503986087720569,-7.053818688313406
-8.851380811328198,6.395494626269423,4.57808303105493,7.636578832385338
0.9237223196985346,9.108421544673558,-8.680234541699269,-8.517395840354853
0.2550068669937744,8.642939955019033,-8.44409260411793,-6.759748111164429
-1.8018061725014083,2.7807291750828558,-2.034540147058936,9.467239384733038
-1.7434092857761194,3.207185580355671,2.0717590084137423,-0.32411267475683503
-9.315934098762785,6.979930706101207,3.9948376271196313,7.242121939675259
1.5377199880976218,3.0441911586486685,1.7225087568576543,0.693655787461434
-0.17129988469268764,3.543207439958578,0.42724598175578254,7.545263884604389
10.727129689792834,-2.0974621025646494,7.14252474447757,1.3396672010244235
1.5036909621424528,8.857824248449258,-7.456642512400909,-8.713202027877816
9.082940315515003,-2.1035985033015865,6.1641715571659095,1.8918331980684893
-1.5300426790629689,1.8086059085237796,-0.048858788509461126,6.918526652418595
-10.472585662590514,6.42616949207788,7.814805417047488,8.689589847989016
6.760140684424997,-1.9225457791155915,5.900070930384852,0.24581168359691874
-9.837339567351295,7.118721259853744,4.930496017772223,7.521120490727842
-1.9268974014235092,0.25949512915308626,-2.2516847379874387,9.224743801000438
0.43853242352825383,8.776091597766928,-8.13058865146146,-7.539448888474489
1.6598712484873266,8.844783101912215,-9.013535922873993,-9.105812285310947
-9.090397071554476,6.1636927374787795,5.447131973654981,8.126550039537783
-8.625289994664733,5.510433765825346,5.324030837847181,7.581001646454493
0.8954584656027541,3.5999282914579434,1.2844832207263126,0.4168183190652077
0.06261443805776123,6.121613740709466,1.7212045730695071,1.805322284884702
-9.716387961284454,8.12916738165544,5.487553428675998,8.16912967230949
-8.297576655401567,6.3157796527308,6.307807990305889,7.470859369032194
-1.6396995008315791,1.5573445595098114,0.4477287878285745,7.733544786662289
0.5660513857661663,5.685969215841529,3.542049995518509,0.9404433798215037
-0.9544391708792827,4.747775488977901,0.17039528879065857,6.857832237281951
7.537986394119482,-2.38019517594619,6.2167941653374985,1.3141147759159886
1.1746699781658665,8.263290355321589,-8.747678762074635,-9.472295792484244
4.121439888282356,9.45676998135798,-8.089527801068378,-7.9568838907808255
0.20742091887168512,3.134691580126363,3.1587712881612537,0.32240766513181884
1.6851296539136353,4.726605902125051,-1.061589070166248,1.542115693348979
0.9487467875410982,8.339243443249778,-10.907054412038862,-8.830987242105982
-0.4824145631711023,4.551231322641091,-2.3596343226020413,9.982825180771925
1.8397897369278096,3.499033586810521,4.40191455195944,-0.3814974470903214
1.861188314886238,9.748767276711039,-9.598503715650576,-8.729638345931441
1.9171876931216083,4.708991407771278,2.5533199261157344,0.8714714225936864
2.4336754020222546,7.401086914262777,-6.299722310147505,-7.268740844619664
0.12355584647911166,4.709439557253043,4.655134685811935,2.563113166372651
-0.3354605675747562,8.278095877159458,-9.30209132372973,-8.419948947098577
2.1605558576195616,7.7536372167825895,-8.056043473765634,-8.846670182433808
8.201749537254305,-2.4506333303047683,5.848526823775947,-0.41856281432543974
-3.7359677811063188,2.52591113837418,-1.3375492625562204,7.558652471479089
-9.707395425621293,7.282155715404479,6.778555420614761,7.689080741943487
-8.21777142748078,5.862528458739274,5.793095018588408,7.54901632986164
1.9087528192507133,7.974026024500538,-6.39495535602398,-8.795478406604403
-2.345505021900025,2.6458168148565915,-1.794110289843147,6.544069701609211
8.389912992785705,-0.46090749149973664,5.725511643340276,0.2720554971441876
-1.83648492540236,2.3982780222312816,-2.5551274175498433,9.355058868828783
1.4927775228282545,4.713082324089346,1.636185528625056,1.2947698963877157
-2.1927755166637684,2.8657711415324454,-1.106240933728583,6.634636207685102
11.308091829040364,-3.6466766869020972,7.237256662042433,1.3102281990634248
2.3874421424361065,5.089591154279563,1.9977980029674833,0.5064466077639206
1.3957941869726365,5.228221349406899,2.5518827199167293,1.9097968497602464
-10.107869286240648,7.278123133500596,4.970846295218946,6.663327643454639
9.846831320352115,-2.690383392363179,7.478357692043046,-1.7348050961813248
-9.557036998144326,6.427364032830722,5.602632700957738,6.785099896653799
-8.488595720784739,6.271974920454497,6.780732612644117,7.5320710823920525
1.7405800397467661,8.820175019871256,-9.830821448048168,-7.399925523876153
-10.288494924284302,5.64703897290811,5.373531838765776,8.08888797481121
10.786490732076564,-1.4141010022865217,6.563393833441147,1.1299305380685525
1.2124955681147787,3.5512050431115907,2.100380525245844,4.32520220694043
0.9289923628502479,4.967931376807041,1.2705801100034328,0.5620830163547699
-1.3715542334067625,3.4653082596616143,-1.1044954635292636,7.965680994857323
-2.030884065835741,1.9885251673147848,0.1631606411162696,6.530657667387581
0.13370395033100801,7.983170264949562,-9.136671944188382,-7.117393272183374
11.062076750162507,-2.649544442520874,4.272873333895701,1.3587459461831872
1.3571916621396136,9.672821759351246,-8.723890755369304,-8.6441450540817
-1.7292639685466757,2.274853200903132,-2.0617083054989314,7.493842581701745
10.376981480657909,-1.4218508778051644,7.309791424284614,-0.25083543518887363
-0.732050713321188,5.933769571456213,2.4532658447279765,1.1354432933905336
-8.664958085570673,6.89409520734354,5.197640772389258,9.257780342619126
-0.8004209403827542,3.3690043012173296,-0.2579344122641891,0.5815220841882207
-0.5009776044642384,8.667129923397379,-9.339013796742092,-9.428504483955129
7.437405632897136,-3.5397059350594025,4.5095863862067995,0.9984488762213195
1.9211318399577557,10.274448109414514,-8.645667424730204,-9.566140441177595
-11.529602340685031,7.413049045724182,7.357612583830827,6.3169573679611775
0.8277404545515505,7.983741367043885,-7.3708139685153355,-9.560703315238808
-2.429527871108048,3.587665514320939,0.5188758076190123,7.662039153217031
1.834297932671881,9.887525632952308,-8.920604218264295,-8.979055595141814
0.15054356645033917,6.61616852187217,-9.12552006039765,-8.585239391245311
-10.030471963511344,7.6127931534299655,4.583004234369932,6.738042664955703
-8.546659828650307,8.060434593410516,5.1760218359036605,7.685505429039459
-2.0602883608290727,4.288074873883715,-1.8546549743810778,6.926786328456967
-9.639108690298963,6.412157276248718,3.829638958000982,6.2079889597385645
10.376141614713903,-2.4379810782657887,6.031504432576154,0.7711522744819537
-0.8350441005001848,2.4534150705849798,-2.1871722836583247,9.047798838859029
-3.143874637162768,3.534145561215013,1.1583308142951108,8.150662429562086
0.21461584548658874,8.51571891312404,-8.186156895472122,-7.635764966807665
2.070437069990439,3.2095463744132986,1.9076301069180404,2.0294756167663897
-2.414866044710329,3.8012858512605177,-0.8801560078989059,7.4899075234485215
1.2036628536676235,3.2870486788386213,1.9404921966620798,1.20641490177455
-8.316170580744451,5.1820847939452905,5.0634206262384875,6.266203005939267
9.501233049210942,-3.594465459310081,4.757198656239649,0.9386429309619468
-9.722433244450768,6.48337025075387,6.671038150576807,7.95801404598201
1.617416555896505,9.453681227825319,-9.70574682141623,-7.88570485544769
-0.7642667118045945,3.5877851070789224,0.061738401651452834,8.013387368632852
-0.6371529329523082,4.768429726314454,2.9193888528104854,-0.6087995060337814
-0.213223795672014,8.247784463680174,-9.156251406305532,-8.199509622328048
1.0848960110782615,2.100786145557774,-1.0185623203230447,7.970746399781438
1.296558668236573,8.691532245516788,-9.560943248863412,-7.93978390156156
8.782533793988314,-0.9931171916366031,6.8678494904909,0.18545492104418543
-0.8296661840569266,4.2844645354771265,3.115982520775048,0.03753478364547547
-10.299975419232565,9.493154497655249,5.880316895817301,7.322152077323751
-10.172712570176959,8.491357043965296,7.096487216854452,9.697223163230674
-1.251767514851286,1.358992989685213,-1.6170433521096836,8.582024667565715
-9.890016935915277,5.8847622457938416,3.5673393724580427,7.400863662528675
10.384297058138536,0.16631018822259547,2.996302817953622,-0.4826140409980173
0.24955805256369745,4.086624211724223,2.1912987388072547,0.05935250423923577
-1.0680645811029224,2.421728812743552,-0.7153875506662212,8.111340593293614
0.4801677445639327,4.228982344768049,2.0674995050716953,2.4669232744738414
8.294389830853172,-2.7916327607587434,6.551872043096083,-1.6121375803984348
-3.1264151365244732,3.742272191677236,1.2432304274515076,8.847315179171952
-9.699493486429143,5.364304652123966,3.727696918224004,6.384946659167902
9.206842261374014,-2.963904273880585,5.66058144480704,-0.24791748865220564
8.804843137727374,-3.352407015603168,6.145608531411046,0.023526995498575398
-2.0949881652362974,1.2314444844539603,0.5468508835493704,7.318384228402177
0.09225534879840891,5.537931363228451,3.5051150467940966,0.016216593469473017
0.8376720342776394,9.198302523134524,-6.854002806785683,-7.312076204637827
-10.053770984405311,7.58179423436359,4.618694509696325,9.64851655870795
-8.517779228150916,7.036789231891711,6.000607240377687,8.181235199087496
0.24848451977622643,8.60281842064147,-8.730944277474551,-8.458598108135378
-11.409878943378036,6.822216569882371,5.433624653450687,7.927997530526581
10.995502527608421,-2.0824974286948335,5.239718884727749,0.00545276899369862
-2.2623596947327416,2.6049157340000986,-1.9016719890914144,6.844234278646508
-0.5615443442527833,2.2176737824505732,-1.4037633196664612,7.881821432328878
-1.6945140922134072,1.3256663765475372,-0.977845215539887,8.364659260559138
-2.454729087448813,4.824480944039241,-2.280430669158944,7.658098532370097
7.4966626820752325,-2.018596991771188,5.314524515570534,-0.1256226149861014
-8.586630970853811,7.094070622453427,5.373569769346917,7.90889179570604
1.2626137674387747,4.912631161923841,1.0100141552859232,2.108808949620638
-3.1588667782284334,0.935124620788941,-0.5286306993619848,8.16613738411543
-9.083069109775867,4.967554493845428,7.2615767173376025,7.8300275937864905
9.22114378553332,-2.290809881622858,7.079863181366559,1.161481224947146
7.474411270475384,-3.30870453187341,6.841374647064741,0.13663457690021313
-0.19222521755322552,4.592615519349965,-1.485136758713783,7.479758555509967
-1.3232077073416464,2.925013453428147,-1.9353061767886883,7.819878011436903
1.748317762161691,8.766802620881377,-7.973544541710151,-9.373101850905364
0.11504439349179252,6.213852280547424,1.7872641504814974,1.700120055734332
-9.926894538811391,7.380501518999086,5.5018919483683835,7.5706639173780115
3.5968439245647343,3.5563141493830104,0.7549206892145388,0.09381325590641687
0.20438069955545557,3.2771870868142408,-0.3716728296066629,7.80722073228631
1.9941763431467345,9.058248925124666,-8.315007219775651,-8.820570790472924
-9.923584142857585,6.791337046332622,5.894556859958779,8.303252535849026
-8.998775671399004,5.506740286363774,5.500040823411201,7.327733938390929
0.790042663337752,7.308641392512561,-7.565921545043233,-9.249978865005994
-1.1699058289023827,9.385556529038086,-7.435876771043886,-7.643324108464952
0.8414646831793988,8.4005799361025,-9.174683935088058,-8.226862902964214
-0.042009247020356355,3.649217192450806,2.2624849148438315,1.4812335868472408
2.1544594430280926,3.0836701705168372,1.1137218461171632,1.1523791966317203
9.095444816371991,-3.4161947425003643,6.8067630944945385,2.0093700791030815
-1.8072187718425812,3.8045408632630875,-1.2443467540277473,6.373688692281283
-9.714966373911231,7.430014566371097,6.005502718823708,8.774425199088975
9.551557884020628,-1.392868412476985,4.960397812243341,-0.5683097614466621
1.0143974626414296,4.816504850920789,2.1238667489135383,0.6253875587928562
-1.802929754420727,0.5667294437298072,-2.025489334709839,6.507081634959751
1.242731787690141,7.045186465262134,-7.586013042182124,-8.060843386221158
-1.3701070083005176,8.823008695644988,-8.094737778231986,-8.513282960066647
8.459668833941432,-3.4548906985731245,4.768966973319571,1.039808556616982
1.1284342685521933,2.363253930278673,0.9647588539511784,1.8995843634656044
0.5837028205813426,3.2115693861077665,2.753917755740633,1.419288887178277
-10.632298646346996,6.280437163922224,4.3295893938780114,6.074763077797412
7.486965947443604,-3.1668387487354357,6.2976990841208655,-0.7962770590014019
0.6306057550904407,7.788081253841316,-7.9009489077594015,-7.7038369841359
-3.818375818586997,2.0934305108672597,-0.84164127796523,8.450176884155411
7.962202626575829,-1.509838229356363,5.724815458684739,-1.882098368364176
1.934899387341062,8.823033781532322,-7.051852318818074,-8.65377252847523
-1.8781624597581377,4.777088052761688,-1.141127927277553,8.02358151205836
0.009654875004551977,3.089039158141287,-1.2346925561683813,7.963981843517608
-0.8987548173830985,3.4858795174213277,-0.06627498752951921,8.294165865997506
-0.5234496152103283,2.8568914299247155,-0.9410906400892213,9.657852526936797
2.7969581529935077,8.720841179509106,-7.801604988681026,-8.199858902990586
1.3484224327133332,8.460854260563263,-9.581345174925461,-6.4920506872111785
-8.620965685146116,6.27065910254288,7.453187888629731,6.656697088677734
-0.7377865141742908,4.46302152867667,0.7915398995566711,2.562713066728379
-2.8157647319157975,1.899098727853764,-0.586639443919225,6.943421484726327
-9.145841053416724,8.658600807854208,6.126184298472502,6.970007617714588
-10.26873106429306,6.867753510016493,6.559994450437685,6.98176316756472
10.474174573215901,-1.251072509994993,5.440352331579979,0.475908893147189
1.5661333222088045,7.606501569928957,-10.86601042379064,-8.765422324869037
9.448882765709842,-3.681486990512529,7.626249569167693,1.293982726495478
-11.56823518304081,6.5106501876882925,7.612045542040876,8.085047467456972
-2.905260343217695,1.0411541410105074,0.878453387507816,7.9430532316037255
0.6619530168178036,7.916206032840401,-7.773362734805142,-8.277867656583224
-9.883935656723924,7.760317905589158,4.486142794735673,7.875631308875327
-9.025908774671642,5.863586408481402,5.768838647700848,7.743159297220142
-8.595423909324936,6.036312194895115,5.580166273247973,7.163905656885952
1.081502215605771,4.212127919348007,2.0865350684604476,0.8055515452459809
-2.564306457955709,4.267412891101126,-2.128066504901046,10.050279489990906
0.5475680129606662,3.6659467709748057,0.39109453626670443,0.771094328298547
-10.348948371841727,8.01713962996094,7.054228363794175,6.5295284394053485
1.2953884786327774,4.611052107953981,0.4168438956910858,-0.878724956408639
-0.03056167375248875,5.985364043715718,1.2629808596267331,0.36605775192648193
0.31246844798639084,8.532227314742274,-10.208422540208433,-6.711368496082189
1.877092842755525,2.7978759758770027,1.3662190920149067,0.34957647246540124
-8.162171048127437,6.774734982811299,6.838319941056631,6.840759531108641
-0.9242409844971089,3.0750496209901823,-1.0634198615129522,8.560083840115736
0.1675244632646129,8.73119027469701,-8.711792620912052,-8.227972677336801
0.84908638511787,7.569795070606181,-9.697703155909943,-6.645545084239297
2.120735664543847,7.022793829274289,-8.342813485475732,-8.661147560930981
-0.2730684363150473,3.5940022273288905,2.759910242182769,1.0532543949068343
-3.4816244052489638,2.159025707148604,-1.1288295458964979,8.571870150522901
0.15482037517272373,6.669231398512192,-10.755568963034312,-7.717268248906211
9.00075460933265,-1.1665378400772934,5.64588200856892,1.2327346165794928
-1.0869031747361815,3.393352365814957,-2.231833110520727,7.273466303808944
-10.594042587422761,7.732970027872912,5.095108165089077,7.064357337589261
-0.2518247540690439,5.815652632644687,2.37747260440815,-0.47713072857064276
0.12234422865574479,3.9830149025229833,0.3607892011403291,7.978476689936155
-9.376381803126622,6.193367692630149,4.830447430957994,7.325892056032466
-8.816118714421938,6.27229471313921,6.037384936090209,6.848716294660997
8.994729397282805,-3.3572426210176807,7.147019879480301,0.8547609442061005
7.810610947160036,-1.899571737156319,5.211699736756243,1.818375450463737
0.010316219704625373,3.5794760082172674,1.2820750112094392,-0.5922693482835555
2.428824748612037,8.693752791928109,-8.558230224660269,-7.984380399269817
-1.3721674433340945,2.0400209861625624,-1.8027789129585274,6.559570850917717
8.312206237466182,-1.5908705712238753,6.4313786667919075,-1.4234974467336694
-9.444308052214893,7.2576197755380365,5.498561852121457,7.750964750565465
-8.611608501104927,5.567965359842656,5.284717748932835,7.84179409124568
-11.248120576807946,7.516071380793068,4.89365047625754,8.26540932496539
-2.5025000523356336,1.344015906529878,-0.8046182944968893,8.696511677388058
2.0620673032524257,2.9226872413654323,1.134859889313609,0.7373774395093089
0.9662136066774805,5.54179426340683,1.014668291347733,0.5820605365520786
-11.308294264675776,7.027376984130132,5.1993078150712515,7.1670635021642495
0.803604540582285,8.845452836850553,-8.337356004474717,-8.121750838202162
1.4401383051561287,7.608208332254821,-9.252076332788732,-8.838798612244567
-9.783648523162057,6.724415679068484,5.390867617766526,6.104602637744829
-2.0380053622257432,3.601648297700349,-1.0552735038124499,7.037598916541758
1.0057648621066848,8.333316039430274,-7.900564966537613,-8.018263739948999
9.30773099407022,-1.5261318631668348,5.99315707408129,-0.8638924734805482
9.767908529278486,-1.0267202335771364,5.30586540596439,1.1072785427038692
2.7485490766066896,8.946319766358132,-7.560542929775457,-8.60440125518875
-1.595012703535817,2.97510927574029,-1.2438344951126656,7.7701009815503745
9.680756033928791,-1.3967292677448673,7.450186881326647,0.17483142197219886
7.789045320377738,-1.629335406743993,5.097798148420742,-0.5574699160352636
-1.4896712733508977,4.188183562111332,-1.39153238637427,8.630715230240778
2.169077605330761,8.656391306293152,-8.095454369186314,-7.857120043815876
-0.31229625800787786,2.525124062571915,-1.4074853184466536,8.993400545048228
-10.638224318408447,7.48095293459934,6.232185501228258,6.8831795868559
-9.372965508381204,7.793377949782033,3.9820622635541563,7.031778672176778
9.200731712346284,-1.60750069208948,4.9864125817551175,1.0111054004496458
-8.760777984091675,7.059007318242181,3.850989016244041,7.868873957886652
-0.40464511076036946,8.534712427056688,-7.411410536663989,-6.659667822593275
0.6958222970790409,3.1235017210971994,3.0674358166076656,2.2818503845187568
3.3793758313525704,9.077547317552156,-8.784420165516106,-7.324475085302683
8.480918809219462,-2.945982818825688,5.771283536293196,0.6965407863412596
-1.9849843163497034,3.811814013964553,-2.8092146956598096,9.035220722509855
9.665817921931666,-3.850504212446503,5.540694407781173,0.9341211422961632
-1.8441582928720524,1.9969409439777213,-1.7860795476544933,7.611102980712932
10.503704931169102,-1.2121654882259874,4.9340217877627195,0.5609398832051169
1.9514084891251233,2.9744507581141226,1.514220739513207,0.8062259286884261
1.6641514697212496,4.3536445940482125,3.403303301857597,1.8053624579258356
-10.811183215964391,6.828834009195241,4.745846484335424,6.126266711472585
-9.886051891369814,8.94030537840402,4.894827445247628,6.498816330354184
0.37895400958113235,4.065865597712383,0.6312066124503464,0.4043437765757428
9.033517095426523,-0.49941075865995566,6.805562701957071,-1.5610572063618924
0.036343609017915446,1.9913025635251858,-0.16968448864880092,7.409239703015706
-0.5546089480282286,3.087833138076309,-2.398017920531948,7.2776952779975375
-0.7418699587590815,3.1448848989730935,-1.1987262228781628,6.182279514247271
0.7912164075371535,3.4961388398320343,0.6087328218694901,1.6979616092779644
0.7589732194981279,8.26803630071272,-7.118446520727634,-7.654233949180539
10.211314604131754,-3.1066891980781692,7.265121649980522,-0.019410942485714955
10.310155975831677,-2.7467629433366505,5.212005955637508,0.8142754495883809
-1.6202491676507986,3.8153048041161575,0.006349134580340587,7.847877112426074
-8.794179049253145,8.49816452465086,5.49422606171052,8.319662851812124
1.666699102929544,5.100459435813061,1.3973414288960826,1.8665462985009875
-10.443683975057406,5.424453056388572,4.88310658820219,8.334376270073907
-8.89868974347878,7.555689318639897,5.722080663965772,6.965184148735298
-2.6792394251569096,3.0144308139329423,-0.9559755297090493,8.722181468898528
-2.8487292484949878,3.0812390806201044,-1.8732230114254413,7.093747601808249
1.1197340066178756,5.1907498936068555,2.185791547297818,-0.7669095910297068
-8.528231540986946,5.181864385473391,5.4020473475436335,7.4821165770979565
0.9336681500554584,4.692076141416632,3.17124404945962,-0.022874503153503367
-9.421288303550654,5.940748922579937,3.5844212441688175,7.963128996806971
-11.209751294888033,5.579287877260427,5.605808326795182,6.300348160941952
1.0768512872754583,4.842948601562586,2.141444363812998,3.088561673177777
8.12087233226725,-4.862934296095355,6.511301893732918,-0.2456510384909183
0.8663965992621592,9.369959556280383,-11.104938754256128,-8.699098592126077
-9.90996595159877,6.949424462615406,4.5636337117826935,7.784284910660662
0.16871603699662907,3.5616351657980054,1.1151109295604713,0.5011399209216191
10.330689216529485,-2.841745372274065,5.251500424100939,2.4040808587041544
9.345482093044682,-0.7062830179475688,5.674809850176909,1.4870017713500316
1.0886855772939033,9.666438216190127,-7.655958334547661,-6.472835820038865
-2.378066948864145,2.323932932647635,-2.4418859257609884,8.517440757085483
1.1657781372846985,8.722889327874034,-9.224564038651804,-6.876047221626594
-8.758953237996408,5.134078777060216,5.168895604241143,7.742057977096785
9.048958435266668,-1.6040415594847666,6.59045073035002,2.0487300878509878
10.201992058404082,-2.440423672687892,6.1924314818237125,0.6399528565619708
-1.4031189108497206,1.3051956838561425,-1.41816203718237,9.55425115034489
-7.259196656055929,5.505449772576595,5.630857376194812,6.473482420077937
-11.392846192487363,6.331491779942269,5.309582953327827,6.2010582523860265
8.275370999266446,-1.9715569312543197,5.131871048807308,0.04545172834357758
-9.680997382407188,6.044929411298461,4.993120747512625,8.555680516006294
1.5012032985630555,8.441798421324785,-9.128176164607074,-9.001556239502984
-8.58391141626224,5.25537562142358,5.833591546445097,8.505639155956002
-3.250258492011582,3.1324214155554815,-1.3244243390191748,6.182966689466131
10.290180190515802,-3.0284133438284444,4.353479006665674,-0.16296353906157857
1.4243371700571885,9.019042125875531,-8.776914084524572,-8.420750084214697
-9.681991511405764,6.804586761149194,3.4039811201189787,7.745015754057319
-8.828625782495791,6.4828658303661495,5.069394968970108,6.393706486143264
8.170356038222314,-2.935282802352054,9.291679654397306,0.09324454619416972
-9.317928941071772,6.593397348760005,6.33472271143135,7.241515214834978
1.8657836315522565,5.844720302857548,0.5893531929249258,0.8280751049991396
8.106157971228903,-3.172471272516973,4.431758358905505,1.6150060427621342
-0.6381908941534025,4.0951880052239344,2.3526731817497493,1.2607483251764788
-10.141226482550193,7.056711599054663,5.904268862254306,7.014726558062191
1.1378770329909837,7.755451822528613,-8.67089174633285,-7.170103428231256
1.306146960060049,7.32613568102442,-9.351024855376389,-8.896119124942715
-9.695584211066464,7.0925281632928865,5.350757866462426,6.5883208659921815
11.221049000679606,-1.9730823481316833,5.946314822608368,0.29742892499993767
-11.648761841866902,6.270873909541934,4.317458149634923,7.137100857676191
10.836322201421218,-3.391377218975389,7.501431273532388,-0.90108156577634
2.3615316252687255,4.000689074024317,2.4963004287060295,1.0764565256711167
1.6841161695980726,8.414480112975625,-8.08821308640875,-8.656437631910377
1.8392872316975866,3.714089531749065,1.7827347729451184,1.6351851733518186
-0.3666439421554346,2.6736411644661673,-1.6776181378303425,9.503149194889634
-2.2663207134851593,0.333561155270206,-2.4249034080135736,8.806661455142395
-0.8311974265785317,2.697793732906513,-1.8866824810119414,8.880505633506734
1.0727492211517309,3.128967226453329,1.9329751634002974,0.4699544068803608
-0.9979777659111989,3.3338461884495003,-0.8141727600988384,7.757852050458645
-1.4852916848587494,2.5530896841472144,-2.630918024962921,7.868174220434911
-9.565315281653826,6.076699803015561,5.7131790418048904,7.174792740744944
-0.9160918147708463,4.125974183745377,2.306265637441202,1.9524215851182196
1.3686444062056207,3.6493008222634304,1.0204722366822891,0.12051615038962615
8.669254989263575,-3.405400602203477,5.600526872664952,-0.15336961812403138
0.5777698223441524,9.387872437888188,-8.914286267703236,-8.88329013470977
0.1902003726149044,9.79690841319066,-8.55040045453542,-8.254419815634975
0.8406336693111816,7.583212003274772,-8.111955652310515,-8.049722609049667
-8.456004605759658,7.410760613044581,6.045114988109823,7.949564191695056
-1.3939667461195029,0.7479078339965333,-2.3648146512412547,7.266092009985303
-8.69251533433584,7.762237500244789,5.895054923009492,6.6776773962678835
2.40725365778785,8.797622526797465,-8.839127624419879,-7.891240010667828
10.571435124022582,-2.2805323936259487,7.154722360516821,0.564116601651411
-8.816051948710825,6.43609827549286,5.427311555974163,6.438899326791821
7.768729449256891,-2.9430336796035474,6.033177256415103,1.6725078430894968
-1.4136833884574647,2.888400614475303,-0.9699999412348004,8.805893061985381
-7.981003631461083,7.100186199971695,5.248837043290325,7.8784221722586105
-1.4450838418303538,2.787916405263241,1.0158030635282498,7.665954648278243
8.295362134309448,-2.0658627728492096,6.341201213867263,1.1068190454617017
8.562211544360824,-3.479183755114481,4.689237769705112,-0.22402594552750765
-1.0645626985439656,3.047736651005915,-3.0163337552284837,7.512079409017388
-0.514628970464831,2.875705148616567,-0.6262453099834583,7.427923887439685
-0.13067088921568404,8.961985642714696,-8.216495320250212,-7.966704355593669
3.192240272726443,8.24214354491114,-6.985702002757729,-8.861270787482324
1.0648187364391424,8.362061803343574,-8.98175330351652,-9.496857260762088
0.47823762785419016,6.2333193812653755,3.0046883283586387,0.9852149013231277
-10.58560321455574,8.386190507775417,4.927502841380111,5.942946413571491
1.532232758256293,5.19626121477992,1.6329526973076072,1.002377689371221
0.07753309512773154,8.069386711867777,-7.697226902614823,-6.503136519441102
0.4536506621480171,5.346764922094766,2.4693588752264732,0.39042919804301424
-11.79061777418056,9.464407264199995,4.73742574431971,7.594002924072144
-9.872160033890015,6.129660212245621,6.028363302219904,8.406500421272284
-8.572674284654472,8.071756867576838,4.6497805724478525,7.884250238203718
10.724311155953021,-2.1305478598856897,5.942025915180031,0.988902921131379
0.958284414351417,8.948830337680953,-8.724286456317811,-8.97872211176436
-1.328682351716311,2.4337020074530784,-1.0412270018265053,8.590447092741611
-0.06183408848289562,3.2012276144376797,-1.2448457495883187,7.3752995125743
1.929159410860397,9.021300496703338,-7.905344591811516,-7.977202785610729
-0.7060554105910254,1.910385074189577,-1.9160486918334958,7.883763286303256
2.684526670085014,8.249043336145098,-7.678669187572912,-8.845725178261796
8.568133551427488,-3.888328962509586,7.5745840765666905,-0.5968054276740677
-1.6756888581737797,2.5617066918843467,-2.649627768395838,8.455350737020606
3.1055801091167288,8.966705483200146,-7.6761718794556115,-8.258366796381075
0.5069593422673884,5.179483006227897,0.6901046442077092,2.8447623027582947
1.4265816637398898,8.630018820991296,-8.457202125523276,-8.440363928420076
9.660232441235324,-3.517267944252195,4.629217915685048,0.42456080703305643
-0.21698775492754407,4.65405324701042,0.758907133157448,0.8046395154937136
0.932493587504202,7.30244605559744,-8.77661301257351,-7.746808450431553
-10.448464833797871,5.780643378619473,4.7464110983836845,9.601365898925877
9.552018564950835,-4.385869393309985,5.263592254516126,0.2716616165992213
0.3376333036838448,9.494791928976635,-7.940731148422077,-7.590998715624863
1.153696220800248,3.902006391240128,0.42506917446683334,1.360445915463711
-2.00069447536827,1.5585621366077658,-3.508231449418369,6.941978921633725
2.1251722068765955,7.023287805056521,-7.791228890901509,-8.395810738490484
-10.388319301523367,7.555498662846272,4.901131996406006,7.610229502182163
-1.5395171555560796,3.240309984204213,0.35925256776392156,6.033049907145273
10.077104403367695,-2.7928634718904104,4.278177021992399,0.3344510892280841
1.4700118558956836,4.187683388414023,0.02458305365138358,2.9621565212972563
-10.655206414180793,4.903946187262323,6.947509994354478,7.408597507692636
-9.877939660264447,7.114365976219737,4.50619113928351,5.710570714356042
2.3472016827862126,9.477441248361178,-9.852512589456488,-7.4278729418561324
-1.1726585819695194,3.4164955613533823,-1.4914672201140153,7.6981990368285
0.5893992316958485,3.7934945878147612,2.239193015773188,0.5121738995623286
8.964471709455083,-3.1151483826957365,6.658835100114854,-0.4003751572023986
1.5182088402341594,10.203574966439298,-8.367527991304472,-7.651803588801612
-0.3278437284924478,4.755553115517012,0.07857780705818862,7.662646091289952
0.1363262205755742,3.843748457421622,-0.789139828561259,7.42311456735173
9.681629577158475,-2.0186142783154,5.790129111528597,-0.8699219601772266
-7.428871344066307,7.172157366923882,4.478712258965816,6.845076760162208
1.0754749410779976,5.880086300076107,2.5575957615076574,0.03539666018470011
1.2561946775897332,4.205636937805432,2.96544642952547,1.214881875129239
-0.4584250923215636,4.003095732891005,-2.087664180884822,7.654490288425719
7.147590852753659,-1.0359057667133005,4.8578681343966785,0.7215377506367051
1.7215106188068483,8.144508764974628,-6.684962769146956,-5.829150192100995
-10.74544177819304,4.729064467262349,6.042730722287375,6.352556040582722
9.409996561655031,-1.885149987487693,4.573354074165958,0.6165238948559942
1.6382754449983974,3.9629129168789192,0.53529306184701,0.6811307880881085
-2.132321761238061,4.745897602853139,0.3935325338898894,6.51016673571038
0.7439760713598977,5.032717194833629,-0.5237832237565967,-0.039845726170792406
1.524219444580286,9.399170872351602,-8.344661566015088,-9.712780880543518
-1.331837090488674,3.2788846270683782,-1.0962805757903586,7.613187285686532
11.350196152214089,-4.8174439090539805,5.412128851945675,1.5878713547256798
1.4543038428739286,6.293596994736838,-8.365693708725512,-7.338271820306015
-1.7346682734516699,2.2431482405108087,-1.7644282224692864,7.092695617960608
1.2815908335589932,5.32795226022146,2.29987788276235,0.11774041101293387
-3.6721721875909954,2.908791198297096,-1.4075266154814963,6.458286548011492
8.264914593884342,-2.7959545927321074,5.647902298829893,-1.511048049880423
-1.425493207835303,2.3291018158846355,-1.296484703977279,8.595952711811005
-9.001195521644092,7.311579020300454,6.814078846665257,8.277647002316446
1.2161371844417737,4.4627460015740334,2.248131476983264,-0.259353620877931
1.949850731064281,8.816530595356388,-9.479547879748091,-9.331159367221625
-1.123299736041759,3.0824521050935294,-1.7473349537345015,8.662513424392245
0.6839314026953508,4.110250216437363,3.2324995758300434,1.9376554446446244
0.5259882437333651,2.884553246633719,3.5062193354650053,0.33188233139232604
0.446859803799026,6.3952336375560295,-7.044359505153975,-6.740229689204028
-2.624773918891161,2.4915319258597854,-1.522280076918788,7.728593049801512
0.9653557406555853,3.5729805642745247,0.7450702158006699,1.9767943089921727
10.606934188530746,-1.501873402565491,5.349607674194186,0.7397242727421198
1.1829605902544984,4.83482983442645,2.294413102086665,2.2955599210246724
-8.063064072468157,6.717539860114336,6.628139026342364,9.946258325071835
-1.968629725439655,3.102197101131749,-1.0271648717895592,7.0086464839486275
1.0427873009296629,4.606259225188172,1.4209454277519145,0.5349224939507987
-8.102682178416076,7.973134401307039,4.797895581079598,6.3824777019058665
1.4933022815575498,9.121133744665517,-9.21982307590697,-7.186390647176265
10.207384651257096,-3.652910869846167,5.6457160673226365,1.1229009699705337
-2.872677280384026,2.875384151539559,-0.42775371101969095,8.326455188337968
9.633793172813357,-4.822825837066805,4.334313104023153,0.9929352791744359
-8.38139731683344,6.741404891292232,6.735624293382248,8.242362999496628
2.0140846873516347,10.292597647048684,-9.794194690283105,-8.060057159260317
9.200718100226622,-1.0834876787506904,5.905643740043143,-1.2698750915749952
8.713374847219193,-1.3320678805389554,6.549509344302751,0.19097812648532297
9.544308445862375,-3.0885089418259106,7.543082684106149,0.8372516885658896
-1.8788595397270338,4.539408410058379,-2.3365215599424354,5.308323612302512
0.11715866774687722,8.0544607818981,-7.828542766041474,-7.601788161774069
-11.078697453444127,4.071141114483061,4.606337076991095,5.918205795299617
-8.256234646086558,5.449523602205728,4.461255192424577,7.122317077546638
1.179499038888653,7.064716979158765,-9.5286468947537,-10.577755430537934
1.382735418273723,7.892041061134549,-9.81529674070503,-8.22489221513289
1.6798556331898835,5.232932475217081,2.426440074081917,-0.09215888960918239
1.2996266100267537,2.9343962034012327,1.2889399224692948,2.1791750003020702
1.9934748493157959,8.291562346210238,-7.379854174656744,-8.02916773092388
-9.504173526972533,5.195287327887515,6.508135343812509,6.6557905177698125
1.7087553755538831,6.2108431698661635,0.7324558206498597,0.9208752642632098
-1.219991910276867,2.6727455051824274,-2.0652370487453924,7.385766705774964
9.378243201820208,-2.415341719850908,5.3283858169697655,-0.6597738549866585
1.5647360668142758,9.696803551997728,-8.504570228494234,-8.608086084814191
1.0214040939785054,6.643412133468448,1.7788346764170408,0.6380866781038974
2.12561903485048,9.924457279639656,-9.229345626168035,-7.473124459498871
1.048947977650285,4.097953302229652,1.6777206023735893,1.7523063886503856
-9.448467799743081,6.5189041401201475,5.467984233780731,8.202997338251148
1.1849232694236496,9.253453432923003,-8.415654871100891,-7.8660499892249405
0.7881803404968448,3.268039601253177,3.233097026138538,-1.4075031951055839
0.8526204526544643,4.808757308911231,3.7789637971001397,1.6106798896488745
1.2978023950241924,9.440465969749877,-10.890913652610482,-10.427686159872824
-8.629884018839922,6.8238291183117274,5.090555519383068,7.4795635865991965
7.67951698342436,-3.123682960824498,5.212354081778398,-1.0818626950346883
0.6300206308991851,3.509151006376891,2.2532348113778453,1.979598878415202
0.005944304810000078,7.900377302391707,-7.819067212932223,-6.309338046216463
-10.003122813409083,6.45662241934848,6.054025327873422,6.603465774730727
10.218763598361932,-1.9082460826908587,4.658820765383276,0.37304707342156573
1.0892759209593685,6.013133066370115,-7.7804137225132965,-9.992653598455606
10.870769016156693,-1.5580313309431795,5.9651880158816155,-0.7456617923257425
8.557017961850836,-1.937288727590334,5.512546678922508,-1.146084786165334
8.58289425359181,-3.5190226316846944,5.340313515314529,1.7549641466472459
-0.7922683721305357,4.659269120192159,2.869787343920744,0.9565892491195668
2.073100228698384,8.63188998236311,-7.8740119327880835,-8.119132271167818
9.412605228759555,-2.4426425103436387,6.845948921430907,-0.1156779074655312
8.87375517686362,-2.631742984817806,6.0561381263018355,0.35740931381701446
0.19148534948586693,4.133665022697224,1.5710570996939746,0.5697456036275192
-0.2736263102421401,8.807295070198183,-8.363004254608434,-8.51487581863138
1.619584543609423,2.7331639188149373,1.8483638452689062,1.7778425720187192
1.006816659587112,4.266903796603323,3.325032271747182,0.18780947779183288
0.48536346801355734,8.89595284481461,-7.8652762115323505,-8.273532431707508
0.3724305257503441,3.154233264191272,3.1535710621653905,0.759824481341843
1.1773755015728147,8.037495084125615,-8.23789125748034,-8.929162778543322
1.3714075148923817,7.591721793045106,-10.377852890575713,-10.135292350401443
-8.844174757388698,6.7073914025953,3.120123761957478,9.591650773793962
9.779988099438347,-0.6862203840724397,6.347610891597672,0.9039079179701951
-2.025606892794518,1.221710264262823,-1.8740842561741116,7.299876305736921
-11.512855827191117,7.145099543953598,6.092776209183425,7.6832711269565
-0.22197670347388088,1.7478216447252923,-0.8209187950826549,7.34858340689215
0.9019213109955853,8.007879076037147,-11.23642961959041,-7.7635536828203495
2.2020319941467603,11.89147289380514,-9.137217585660048,-10.53583023502927
-2.265196205918863,3.396050950929041,-1.7753788517459501,6.9789437035706685
-1.341853358729123,2.9903172253553802,-1.4292202014401658,8.15927411934594
1.4394004078651021,4.582883091840843,2.3941716466488225,2.9187072214227343
2.51197559882998,8.238770243411768,-7.663177986966172,-8.610398706730535
1.6704467989385088,4.08958044268244,3.5610207601903863,0.3021297856322578
1.2574482564585312,9.541667137764614,-8.311183698620647,-8.792475827900251
-9.256680756339158,6.9801667140797035,4.179806106926051,6.369263866269339
-8.798392026592111,6.62319731807007,5.375828469075621,7.133624849064531
-3.3477202123472436,3.081376778181146,-2.0613727975793115,7.230105436006182
8.500172962196315,-2.732424560655529,5.719143997280633,1.5894538440460817
0.6460321852819508,3.4689801639138818,3.290649913442355,0.6538598627988149
10.115697915800927,-4.305200765846574,6.533402032832489,0.6091846736318743
2.0304479874854175,5.25462102445219,2.614566502823762,-0.16603193108761105
2.4031104609055554,6.772034056236434,-7.357027493953446,-7.724471350771158
0.9742011238867825,9.532862738097268,-7.896897622655762,-8.952001427100504
1.6193246238857877,4.892012256566327,2.2678545678704145,2.4446951569287814
-1.8878892687175688,4.038010891590463,-0.9137115282042558,7.993356303642515
7.971545236135157,-1.9611933418466982,5.749498655948095,-0.14580386852232352
3.4711072387732456,9.931320308430527,-7.832172169916725,-8.363716493483832
3.0625366145196447,8.328483681711631,-8.194195147170895,-5.379347499336879
-10.515791821544514,6.169100970235996,6.699360930800134,6.696284948402229
0.6672571094993729,2.6277835211184133,3.207599086215998,1.977282251974758
-9.866071287377954,7.39724588160324,6.199960475100516,8.591183147812796
1.853064472465168,8.296187591946271,-6.80844517347613,-6.813832862412511
-9.515477157345059,6.980964070494032,4.1078520466814705,7.345681465041803
-0.7198611882850481,5.033970858578004,0.19778424983833998,1.2802617966613998
-8.673726188627178,6.99346846294132,4.8204405136259885,6.3910909469366075
0.0013644320554095923,9.106770766898938,-9.105246473841435,-7.55943934135979
2.4795052426572033,7.873377029683504,-7.478726656317695,-10.10724026404161
1.2350676458871037,5.344026291697949,1.868576599318268,-0.2459777359039128
-0.8318738479517565,4.715121570345999,1.5720179789537705,0.9002348423694468
1.0011541892117968,8.08244882994471,-7.781137686915856,-8.085723204871545
1.3826855722227012,4.11061062589855,2.8110078103274203,0.3585310231849469
8.83516095840814,-3.6962609749807447,4.383323667118501,1.60950146451138
-0.7838751696429088,3.010655787738932,-3.059088564220575,9.29969548403802
-4.653105491064422,3.1923642713698004,-0.4381226977064705,8.59362100398864
8.050838868684854,-1.4476852682090409,5.175656874370237,0.35309388013669984
0.05536667029394171,2.533444165398859,-1.3156307733314796,7.552050006486937
1.0784484054904657,4.808782049228401,3.384228268986101,1.1155670470596057
2.310875519933654,8.65764608927911,-8.652577662227248,-7.757938503559003
-9.892705401003598,6.735704137636929,7.0798645842310375,7.9331195144570605
-9.370701419033962,6.933325420372498,4.6300849532237445,7.855026620881877
0.9176835274126343,3.9862442335181907,0.4228442193648947,0.8305295053234151
0.9506209321744543,8.626890687267919,-8.161669913513144,-7.695828175760323
1.2149516494783303,4.187564887910638,0.11181067014605528,1.40596284553191
-0.7781424608516534,5.575155310447299,-2.066863049825864,6.3903088544387705
10.420470983596015,-3.7000245879964524,6.442581625867359,0.047803585135284266
1.3911250448223202,8.314013158623714,-8.337481192859762,-8.679143207580092
-3.1679072326514746,3.2101649983755016,0.18484911632192724,7.451748714179097
-1.4294492586448186,3.714588897246073,-1.8369638513917907,6.723281088004636
-1.8185041561201034,5.54793908536867,-1.752350477862684,8.924547321535847
0.10947072884357323,7.5799057179622915,-9.96063725894491,-6.5649159446139755
-0.2923142652658903,8.836963522806329,-8.351255697171059,-10.051871589668107
-9.631229820832576,6.79638248591493,5.3335052579183335,8.370901068999771
-9.996350694580212,6.136099602822992,6.036437554138938,7.699817698545602
-9.667983461060935,7.577090558265357,6.618986763438402,7.138452084020072
1.3421796620393704,8.9653382933335,-8.0748253577558,-8.527333326379098
-0.496851736521875,8.59523301978267,-8.473300964140465,-7.462189748664511
7.762791820765011,-2.671639426489015,6.936484714434483,1.4031846962495054
2.5072024295753197,4.3962350629181985,1.9562592101488006,-0.15299017664955272
0.5601991453704498,8.074347567631444,-8.05903483199278,-9.216198308885481
1.7515859695481462,9.174033748648505,-8.920816131283068,-8.390187901898688
-9.187295343460612,6.4500916688062535,7.115389192930757,6.9200086181701055
1.8500011242071714,1.9549499075332784,2.4547418566413697,0.40896894401985334
2.2602220384906273,8.71680005074425,-8.869155133805476,-9.744444583511923
2.0799640360086453,4.704318012047096,1.197564898385984,1.0331183231279173
-10.032879052546038,6.468517682719913,5.973467618868708,7.392250453304723
11.862017459050794,-0.062347711767553715,7.475470982100331,1.2859394348455133
-9.213097543322016,4.660906286383067,6.0573201914643535,7.288703717685514
8.234782782924341,-1.5593504547861095,5.354491467171636,2.4126434938022214
-8.375220877713753,6.831479470648537,6.628998642606339,7.698018414695287
-0.5639443706755886,2.838155361024024,-0.6034129786701846,8.240131866475622
-2.4582711725424984,4.4850429986616165,-0.08670504010119462,7.01869871764805
10.4678685450299,-2.215621646771819,5.818832609060493,0.6597170895737333
2.5791159337911855,7.3331276897408495,-8.946392744893725,-8.37976285238072
9.126142134083626,-2.6990288457825478,5.971875645936167,0.3577912518312706
0.622276167293011,2.928836034030371,1.4116491185999873,-1.3257394922864898
1.8193927307175102,7.155630267954926,-10.681984598681018,-9.87343868688377
-0.24916544028367293,5.148150303849937,1.0550521740433132,-0.6471074368396748
-12.225007598197346,6.294559853414139,5.162826352177669,8.307726842884946
-0.40060044215052515,7.953142704375376,-9.603480928828962,-8.219685353479088
1.503884497188316,7.847558207309346,-7.580108570608126,-8.980436687845366
2.5059265065288088,8.526453696733858,-8.16584017848341,-7.163222230867813
0.3613722334702092,8.456290093793983,-9.469822930041833,-6.742378697960255
-1.5456548543217081,3.4565983204090456,-0.993387785152171,7.743882859607995
2.7288193278751764,8.83040509545301,-9.954652974457563,-8.798285999228062
3.280186776230437,3.2437715047268427,1.9193178207545571,2.034555022540632
0.724613719600099,3.7168846822683888,1.4292092495430544,-0.4325307523865587
0.40033447102496034,5.86488588434414,0.9237282794127293,0.6014320055397295
-10.561896164514307,5.718854878014103,5.395168856199597,7.674337715508499
8.82140980036204,-3.0269838196052508,5.4335540750955005,-0.16597470622187327
-9.499317500523093,4.611754987318134,4.993201259101191,7.611165681142066
2.985448858021874,8.71716868225181,-7.929537404883439,-7.849675581383886
9.86211044707749,-1.172529924228273,5.086983701701849,0.33443576024791155
-1.1480436845704614,1.7392656317332627,-0.4892599539186545,8.388440028107203
8.819159133772109,-2.624451409855917,4.740697364668468,1.8249642274337972
-10.466831940515062,7.207639652746991,4.537889617727592,6.415059413360633
-7.947764333096801,7.2344716192565235,5.355222980998275,7.259784907303
10.233587981906952,-0.6616817372440298,5.109447545113687,-0.5577863201406748
-0.22029798976507364,3.367499052828255,-1.6593062205785425,8.584759570647794
10.960470790056439,-0.45170797255985273,4.64218795268537,0.23236781107124527
-0.42180298903853686,8.284141848080335,-8.333669049552045,-8.382169235644671
1.2019845149436494,7.870448230125931,-9.18392606981385,-7.287145020766048
0.7933650976895441,5.200035752804549,2.062885019751036,1.7845283465206978
-1.8164700172432078,3.839349493901552,-0.05458527349892672,7.977480856032004
-1.9173686910506427,2.9998059116384197,-1.744300957769145,8.47556048991371
1.754815237507156,8.292144039274586,-9.553781623950462,-9.06695423751967
-0.41367204212059483,9.754237716480127,-7.093972047328248,-7.599177817003557
8.566548004507966,-2.7943245987902445,4.660957015608323,1.1224223396724666
9.204652604557339,-2.5575304888531676,6.186141111953838,1.3521570734666375
-1.0203557276811526,3.11366505200478,-0.463039797274976,8.934710837734723
-0.20288785209119276,5.605215399113151,2.9505277943228077,2.272627726330927
-8.707834771784347,4.4395672000468345,5.991182405926234,7.149891364092282
