Feature1,Feature2,Feature3
0.20349819556829296,5.1858439268114,0.8026741799295589
1.0214040939785054,6.643412133468448,1.7788346764170408
1.2364029834852628,4.2339308291922055,2.3053814283160037
1.0784484054904657,4.808782049228401,3.384228268986101
0.5438380999680503,5.380824800395926,1.8304409601627265
-2.0785245529761385,4.020004613894994,-0.6037776125298155
0.30333168846336633,-1.582343036100938,3.714442985191689
-1.2201277753664954,8.331980573360333,-2.260299548641581
-0.06202160679157198,6.912259136773198,7.786432154516231
0.7963452427341442,3.2330347059378477,3.109719248364015
-2.8920094590150347,9.369608689449487,11.401830290894557
0.6337778882960521,3.3043573108868696,2.8491478837412583
-0.08641902852028649,-0.8859555664006078,3.844573486857663
0.8044259591969215,-1.6664419487080446,2.6769455148173127
-1.5728655743886941,7.48485641595177,8.902178316529127
0.277858885110598,-1.5972436333796485,3.7156772035959653
1.247440263183806,3.502290442054015,1.4080860895851173
1.6660882430812833,5.605633557013388,1.427179961791299
-2.191819604745478,5.723027874794099,1.5893465548357038
-1.716460494001026,7.645145121136012,9.500826330203445
-2.1341659525615833,6.0277546410771565,0.18265188852159175
-4.117458886061428,4.9988316364023015,1.0410967175256627
-2.419899107862254,5.068749235619519,0.9872991349853022
0.33384863792615493,7.708280184903776,9.706911347959775
-1.0834876787506904,5.905643740043143,-1.2698750915749952
0.3597789102475587,-1.1334595827207856,3.2044005318206135
1.871530351436425,5.67875139384138,0.7230558668383762
0.2730594211053705,7.658854612004866,9.497654856015082
-2.5072631309874054,5.503791859480446,1.892454065059181
-2.041367398487966,5.038646140529226,0.02358575488741277
-2.352686742825064,4.3164669464547165,-1.3375900451215461
0.5208795508304019,-2.4359363394739963,2.772712017139905
-0.6301696109033377,2.9307337914064613,3.921950669764505
-2.6238707626300086,6.478891845880283,-0.42885557169687916
1.3788956096765301,2.527899327486561,3.7245183278098466
-0.47763829000753866,-0.9038938172611658,2.75328752935271
-1.8022489730808324,4.992052409748239,0.969272465348733
1.170101815474908,5.43579246112572,1.4942865183011214
1.4662744926488238,-0.6556397436073795,3.5784530693747016
-1.8507179493833061,6.327849597571852,9.59008117654498
-0.5977472153223327,-2.006937670040201,4.7466576907213485
0.996764044227787,8.015321654017987,10.028117736949136
-2.407795664683015,6.83941592243104,9.455269519510566
-1.6774596894993674,7.5539698870271685,8.97460470261753
-1.4132150174338132,6.069741748862096,1.436356645652852
2.7808278065711156,-1.661750064115572,2.986026419512645
-2.6321514317294987,6.283104262347203,1.5330576336141073
-0.1392035011864099,-1.1143055981464056,3.4442743414842356
0.4982960745060084,3.8241315134404426,2.6756258197763905
1.0048905827342778,5.646409337958743,1.3153316684676182
0.027798184039763196,-1.6247423461191972,1.235381112740053
-2.375271770782957,8.282677429641389,1.5109099346933073
1.6562449227915974,3.6074606735873074,1.7648704206290111
0.984801409891262,-0.29840211709812126,2.217913741213779
-2.236547619748798,9.324230275189894,9.553666104785655
0.7640683713010423,-3.3683759062411553,2.586305366118603
0.19390311164440532,4.92890598388212,1.241671524338371
-1.4283107086023783,6.603042972494425,1.5009412800286261
-0.6621535471952971,2.527398711101814,2.270820575221563
-2.3812226383591186,5.502618735282533,1.2174321953046083
-2.417881138944455,4.604613725561741,-0.5711368889355346
-0.5464144989906117,4.819971026361222,1.1491191670399565
0.9338756890265024,-2.2435474271113796,3.6106247596595846
1.1378433086654007,-1.4265895795873507,1.9790908044487368
-1.6782358342624821,7.064950482801807,1.6969025303165468
-0.3195189263626549,7.7262059664381475,9.631185930191007
0.85738284161565,-1.9335429831253395,2.838624535836385
0.9848584495991122,7.571602044175327,9.157558012978646
-2.0124014976448317,6.77637859491239,10.24423243766201
-1.3707545256136182,6.855261488237797,-1.1986941328872658
-0.7038819196767789,7.108939293843833,8.58630841542603
-2.817784213754238,5.40740512845183,0.45749620501881133
2.4081883919212124,-2.0983824282740047,3.5834715482877546
-1.2925440852524641,7.830723253046907,9.957441130774594
-1.2054789002165944,6.48096221160032,9.80069376129343
1.9900025359687348,-2.534458889004881,3.484751633774194
-4.100975368641875,5.668740284799183,0.2816445780932584
2.569543694496522,4.872509726568862,1.940780475843677
-1.020277935555795,6.5721641798159585,8.195953104606943
-2.478481459037379,4.569492900795109,1.8072501237227618
-0.45552769951854244,3.6748066198571214,3.1253400335038553
-2.6163721982801236,6.6714674574758615,9.704078908522536
2.9113810063061707,-3.464501422641183,3.2340424617296
0.26522948175538386,5.023455497985721,1.8068482147278397
-0.03618707419731115,5.554357159991825,1.8207294865241275
-0.49941075865995566,6.805562701957071,-1.5610572063618924
-1.1993725460434173,4.950612825540015,0.11378224173804286
-1.0007089326126517,8.588478627172018,-0.5560094459916936
0.39311068659114135,-1.2468255134347062,3.202546413968816
-4.846287406457755,6.080676327230441,0.553071375691287
-0.05401989396884688,-2.0784807008177975,2.3787628264719873
0.8528044259016141,-0.4216053940549287,3.316359793338214
0.4925573704764756,0.21838055946568868,2.341946653811588
0.33829643283828914,7.896558690094747,9.096160402189417
-1.920862195041109,5.979453343920263,-0.1672406779517709
1.9099387026950112,-1.5690811259384614,3.5398927260958146
-3.41324213687233,5.321792105995643,0.13187464983567854
1.162383113997314,-0.4953814312274507,1.339423637689106
-2.915872912183466,8.157362397705844,9.415843651792326
-0.4985060559411204,6.895985757203805,8.65919598278925
1.1255115659984676,-2.5570758535370146,2.241686041416261
-1.2852036976162804,-1.2385938612600693,2.539145814110009
-0.2547520690215639,-0.638672023173127,2.556209803978771
1.8142665320342068,-2.0868383065922638,3.5720566897878965
-0.6204963715001789,8.038165793981339,8.24463874848504
-1.1058420218781642,7.535943241029835,7.172729736450598
0.965134451205828,5.647861702121817,2.5552842172901804
0.5873528103587203,-1.4221489689596751,1.9084816810816911
-3.7673145575736253,5.474719720968648,-0.3132473732097686
-2.3744346625156885,6.463922122874087,-0.6436006875403903
0.5088006980147157,8.520439662290656,9.086376986863067
-3.2629755507737226,5.073823810173969,3.7984001840992145
1.516364539071301,5.036211337203266,1.6800451206722053
1.3971883627221517,4.5503895137097246,1.4297104863236245
0.37895400958113235,4.065865597712383,0.6312066124503464
0.6827850236571176,5.221008869564246,1.9982246537706898
0.33682227616864036,-2.7432080725673256,2.8081006329230074
-0.5755702205536355,-2.292001181252404,0.9312219865509885
-2.1212218343711085,4.33541159714675,1.1191973196327631
1.1653345532987154,0.5966224097582682,4.314731348964523
0.2431771547529772,-2.561699297972494,2.1407347517848123
-3.08309464721988,5.720480063441414,0.33816028046402596
0.8558634398820854,2.8244713474851366,1.7231652440840528
-2.631742984817806,6.0561381263018355,0.35740931381701446
-2.136217806234574,8.71886360556899,9.64135497686783
0.303801744555249,-2.290019808566942,4.436365187112844
-1.5128592226365014,7.35730408617759,8.015453462147079
-2.5449934465551887,6.283354890518212,2.0426040495332156
0.10959562542258772,-2.9675363564179227,3.067354019891529
-1.004526389677432,3.955875178122237,2.211616490536858
-1.9614836400959732,4.924769487062904,1.308125319345061
-3.3552183731261325,6.274479516698767,0.28407992170457697
1.661786874862482,-0.20741424278257714,2.7975575866871423
-2.5762426667436387,5.211246951541255,0.18189952905245127
0.9592496646850545,4.682939063003472,4.31457647212373
-3.8903206060459072,6.835869990644331,8.588958571282157
-3.7208228642779804,5.755869744900544,1.557411158045316
-1.0937149464670375,4.730046058226491,2.7321755564631234
-2.814969783465733,6.449573965840482,1.3995188542225727
2.257083919370466,-0.8308319685020299,3.6000836498821456
-2.1102267407017665,5.771588499327829,-0.05198861771774399
0.6124266256531443,-0.545033377399967,2.9570881381743854
2.1004315205522097,-1.4469777482055846,1.7476211092870766
0.962449399231851,-0.5820440112288391,1.3034212886332253
0.9393411748300382,-0.7533866128505037,3.048863966903785
0.24414746766150763,7.715071092954709,8.872404471105972
0.8065117846440095,4.16965454467997,3.2766524808920763
1.1987332425551018,4.215411804249235,2.1536454282483537
0.2769521375744042,4.689953704546759,2.15613458469019
1.9143407798893217,-1.8576130890289746,4.2762641492041285
-2.403737842077659,6.4431740772932855,1.228367638151999
-3.498266862276129,4.993199112620765,-0.8248440076896983
2.076554416766869,5.601809299774612,4.751491573996457
1.7355551782660656,-0.5111866139688226,4.013195701417798
0.7255134017863456,4.209724877085787,2.452832737050344
-1.1007632052436844,7.1965973081582675,8.818794880450966
-2.903643345104647,5.569156593770686,1.1483420934024458
-1.536253357629366,6.3813090212344115,9.515670139446293
1.5680553487857676,-2.581349837113066,2.0522486197470964
-1.2006933849410861,8.716339954459007,9.36632838456595
1.7416525732958323,-1.1839274753549693,1.0447625989671165
-2.3771390800241416,8.224222313111083,9.05567236466024
-1.5810690607770383,4.637325608301942,0.9621384216649898
-2.3344678844817395,4.888957244237012,0.6300315841576002
-3.1334951157515096,6.621310024448114,0.578356489691742
0.11119524486671128,-2.703377167582988,1.6370755471841265
-3.6088955371181237,7.407436482381844,1.3040538867012843
1.402964271365108,-2.188928283383763,2.170965924269852
1.1829605902544984,4.83482983442645,2.294413102086665
-1.6534082487087345,5.824033237167705,-0.5544232214475173
2.180644870767094,-1.4805517420833345,2.1626396197766593
3.187574411785988,2.506331523081492,0.9918345832782711
-0.5506393399112574,8.228001049732374,10.517181033642032
0.03303643105175347,4.445772056182793,0.1953016872170169
-2.5901156557523928,5.76345896798713,0.2784330344726083
1.7432605291060463,3.277780075822608,1.595641079163439
1.7148771075393157,5.608001219297893,2.1600791295051596
-3.271785919916179,4.9109134700900325,1.2283308030995834
-1.552319578347766,7.341821014411833,0.9574746007425328
-1.507140542403521,7.310925882190004,9.544968025327814
1.117080730424731,4.777275589114852,3.9105137308533573
-3.888328962509586,7.5745840765666905,-0.5968054276740677
0.09763587242908167,-0.35857323008422437,1.8731146017510856
-2.865798614177484,5.630803240379803,-0.16603251031113997
-1.1135937514015473,7.694754465094071,9.012278234262135
2.4895981611197002,4.856919391655974,2.009563560772643
-2.646842021914056,4.882106936717713,0.23963937432971516
1.5541273441931238,-1.4610528341217581,2.0442516287871726
0.7371020847431107,8.042994782685515,9.322490495057624
-0.36045311947935577,9.219851624318224,7.209724575021875
-1.0623377662281936,7.911019922676294,9.754511343873201
1.4300519911821792,2.4740469164438585,2.0922732433430276
-0.642585119736563,7.383573187899631,10.848743367897502
0.07639858552017775,-2.4405596537106393,4.735708674594199
-2.414541853928709,9.16832200675063,7.780430227070891
-1.7161300832874258,5.964064598163168,0.673981498573458
-1.4366800343368564,5.04734987811425,-0.8193211653335355
-1.0311089367981516,7.740939431137844,8.502718969583594
1.0600266973199715,-1.5371953295556238,2.919957283252489
-2.565873116549868,3.280805598204401,0.14262205347042606
-1.0983132092188275,-2.413124832396522,3.1351489460264528
-2.610545576706987,7.184151792113626,1.4896832385395586
2.9401998939549863,-2.4463651973353278,3.032552290548111
1.8519657573260018,2.9386244502232213,4.002366164253235
1.110839923704328,-2.730147468597881,4.095913496476495
1.1791511229891167,5.5504824683428255,2.7559476305265704
-0.9027405658251237,7.303722465301451,8.535548737769131
-0.8094664402141836,7.005946235894114,9.718882487333126
-3.402040632439375,6.190376321119185,2.8481749252226014
-2.733120566627869,6.303570775246627,-0.9237093681816242
-2.505786326206848,8.10696238174299,10.563483726521795
1.1549350194367476,-3.6408359618976482,3.8664151835155787
2.1001753841609343,4.130323430375511,1.545237981677261
0.57812194979642,4.142413791170611,3.8497163266579513
-0.5655906290247661,7.47998709523294,9.665994119910867
-1.605388826303968,8.783436579326263,9.710137238859392
-1.3003668945468274,7.977474856659161,8.072431402064094
1.160380740898899,6.659780244961714,-0.05586620349832916
2.9116777524700788,-2.8995336616096403,2.0604538603961675
-0.4582338979893472,6.466556058563364,10.211303608284632
-1.146787841809016,7.783360661445934,8.662651072041278
1.8869157507764653,4.273931205812024,1.9370967370662862
1.4835090296561102,4.187557627061241,1.1077789265259983
-1.2189323413687008,7.746473605379512,9.397648890526495
-0.163532376880279,5.08874484868889,1.500957894861577
0.20280017118628413,8.03608177924035,9.380780363547325
1.2303075260817873,-0.26995716694430527,3.163501192493099
-1.5475638308407644,-2.242768940545414,3.8012791037891893
1.9793154125826211,-1.4278356501399032,3.0256985483705936
-2.21308477964842,5.2467444768388125,0.9351600918197991
-3.3916820595405515,6.8934078403402586,1.5364590268795395
-1.8012955485194377,4.3931227543598865,0.29437242079113013
-2.8700125110800103,8.278363292020737,9.320591030605543
-2.444048551070361,3.623004618351678,-0.1880821154585095
1.3810318905869925,4.5276308907613005,2.384890503560616
1.639214710897626,-1.474625062087604,2.558137684856963
-0.6528585342555286,6.944320820881103,10.528156056426948
-0.28930415021517386,5.513392802820239,7.830101598453369
-2.118946139947605,5.765898156190043,0.3515375296893667
2.468628368613728,-0.21670749602234496,3.0093190945242703
1.6535159949628653,4.271876251814249,1.8816592857134962
1.7078216604086491,4.623437110582463,1.6454129829930584
1.0155590444362637,-2.522264028727038,4.217394673069434
1.1331281853233568,-1.4145963247946356,3.310256588992248
-2.6137387490185153,5.914686543170468,2.584005504741449
-2.97830067712611,7.223423479174759,10.439122297328282
0.41196904524433464,5.27055533861485,2.5633354308243557
-0.23980650219936583,4.444459230756351,1.311595346732005
0.038389847395043364,4.736895280599733,1.6493257942443944
1.1201392365666563,-0.9825491349365123,3.5670927891673343
0.34402127000670557,-1.190649992851495,3.9876746531920886
1.2349865187762412,4.579388001432446,3.4903169082220327
-2.5338546932277044,7.865381421648461,0.5141371688949241
-1.6601681119785434,8.075068015188194,9.71829456558438
-1.10557069518234,6.842282294302743,8.893784514284324
-0.7357000855477263,4.349922386404075,1.0968930412063165
1.4495606734612945,5.057653011010691,1.1670793103473647
-0.2809529696619233,-0.7679081923944097,3.470862273798731
0.6692440436388074,-0.8691156327484245,2.942254358938875
-0.9695725431524493,10.163175466499089,11.005719343025438
-1.015956805703745,7.68054346094375,8.873261821818982
1.2713458618483575,3.2050188707810907,0.655011313304936
-1.6042625780830682,6.8833582734489385,0.21579151639816985
0.8445253204964558,-3.4764758008516683,1.9577766953888363
1.4265899072486432,-1.1109400861055279,3.351965275980435
1.075849564992339,7.4660680290643375,9.23763976717942
0.31566148456950305,4.513636805371445,0.8146429218766504
-1.7124992885467738,7.12095211357584,-0.23730599308679534
-3.8550681245985707,4.325912470414941,0.8556218615523805
-1.8546549743810778,6.926786328456967,11.558140540291324
0.7241112108960319,-1.7972678047587722,2.7073841123067663
-1.0412349870607869,7.180438100184793,9.405272690663955
-2.0618421508253046,6.711738940552915,8.207721421686866
1.5028850182697946,-2.6775096489759562,5.4723316800845
-0.43312669829573225,6.730982659203947,9.247410731701553
-0.010302759056784128,6.259212282239046,8.391149022054918
-1.0304527113360946,4.13921951289076,0.20222935242664875
-1.0879775612249156,8.042633583427017,10.122892290361365
-3.958399172675506,6.597191409986655,0.7193116643729397
-3.83305991754989,5.897301740991177,1.2044246162696854
2.1192468012139196,-0.5004066086393166,1.1456511413527004
1.839011566448346,-0.17548044847370226,2.1797246633811365
1.8544722135036353,-1.2472149435078748,3.1995787746565703
0.5682553695065982,6.078445888421723,1.662114326678765
1.1182232418672746,3.984458910303295,2.7468062725030644
-0.4031917194579905,6.807454501914458,10.248775674203229
0.2212358210950517,-1.032800987207986,4.776438449924226
-1.3105839647230424,8.334839540209382,8.66199368095971
-4.0296744052820905,4.609332249269987,0.5241513037068736
0.169911976051889,-1.5395331248745308,3.3722938606393584
-2.7357688367833646,6.862563802105454,-0.940884036962651
0.8331116409804029,-2.584744338202009,2.448659985028945
2.280374074731653,-1.9164224015269977,3.731820171500447
-0.307824283457489,7.863140143372636,8.243530816710214
-2.7035415786909973,6.68312460370659,9.369803762620405
-3.685591728823405,6.885628502733307,0.21150966167880636
1.0706216678635692,4.261615876157811,1.7683803290429703
2.2834539236277527,3.8363463178224837,1.1951141365082147
-3.121668672952217,6.979154140358652,10.012675307391588
0.9040313198748271,4.614911773542044,0.9769064306160982
-0.7894163426271671,7.339306567052024,9.806123434100515
0.11377677882176118,4.926306467753387,1.4240755796860207
2.062702506217951,-0.8137836966893028,4.237859165208933
-1.2326397537262141,7.662031765226076,10.213539250557423
-1.6979490846127807,8.241964201317394,11.513948300565124
-1.1062349343557398,8.825763822931172,10.29810984599971
-1.9952883335556117,9.60220232089546,10.300817885016038
-1.4900987278892008,7.78789795616539,9.620310668017577
-0.5194094377105212,6.830155567804388,3.8251889096296114
1.671019222202501,3.5781899489848055,0.6719035660378225
1.9171876931216083,4.708991407771278,2.5533199261157344
3.6568409193154956,4.102978813452724,1.05641872533751
1.2799265520727734,5.337744314261173,3.964610146989987
-2.1527054658793996,8.039878323578028,8.14389403634813
3.1970440599175296,-0.4966083856282133,4.468602862535619
0.15776593795281935,5.1226267000477375,2.195763428872354
-1.8020446329691693,8.548771735597327,10.163950069045763
1.2600396329298404,4.021591450757954,0.8970643362488491
0.9500105137571793,-0.5615443442527833,2.2176737824505732
1.8770965655006822,4.76944976717885,0.5190238351556542
0.9431856364613633,-0.8948214098456433,2.4070349630747265
-2.0898115718873296,5.430703508371846,7.77880007081445
-3.185495112923458,4.039735320314422,1.5608090515961854
0.8051355350142038,-0.3448019204555608,1.3472276676506512
-1.3361920631816897,4.272058545232242,0.24189107457287135
1.326535998108525,3.00742693917296,1.9622433769886547
1.4370845556953256,5.227583887762337,1.92269950677916
0.7890862285206615,5.836566541806848,3.524626291333163
-2.928478961028249,6.249877278145112,0.08119959863795062
-1.1828376714466524,6.6149881222637585,1.1198764199296427
-1.433040529341104,5.49269959489473,1.0155170072319346
2.0163563236001982,4.468431136974788,2.940455062641805
1.3693330125265866,3.3648057547706047,3.0722885128461224
-1.0624904706860208,5.93292651209556,0.680425427693166
0.6668924856631337,4.275258457613973,1.730537256349918
1.5811614789135082,-1.5237935948506165,3.5722756822240087
-2.8792920686944026,5.606958926529192,0.18590007199269876
-0.10268216149511455,9.011681583642623,8.435391099871987
-0.3114249828772915,8.25783872506658,8.058639917070288
0.9883302237311952,-1.352771492713957,2.202937824058763
0.12390031350909847,-2.2921297724352634,2.840242519679924
-2.3725230757174893,4.41699338320631,-0.015140674426152523
-0.0462943127141906,3.448546870197526,3.3124871722618723
-2.7125152330316538,6.544885710103376,8.136267381253168
0.14408404439643308,4.476126466677579,0.40605054701574583
0.4865450561734683,4.024490658170018,3.313011738928916
-2.4713642360540313,4.962492071473077,1.2856692134884655
-4.013246452454366,4.851097069556143,1.958672911267948
0.5021113597177553,-2.291685984773108,3.4818837708243353
-0.4985517064631535,-1.8572352325946997,4.078142332399594
-0.8929826119442477,7.090735617639506,9.40393114202719
-2.8715558369232683,8.015355270486133,9.959114111271633
1.3119704938618881,-1.4029443863502447,3.191839838507163
-3.1500143880107827,9.894675387997166,9.441819154835677
0.3899500533353627,3.846146733158864,2.4270786029303713
-0.5707032965264891,-0.9504253101633529,2.983187866671471
-3.897568760902899,3.6266981314590265,0.6464275535681464
0.451198868604974,-0.5880653703107662,3.3649364136572792
-1.1879589178234295,7.231579804046352,10.322168971504412
-2.6539608793902065,5.137296383275309,0.49252958225267274
-0.9215027169689038,7.691355795048857,8.050838868684854
0.47685331752445675,2.8768496420213987,1.1226972915358648
-1.472293742006634,7.114295262072262,10.512375235594215
0.04352916775211724,3.0407189783461144,2.5077566140725245
1.1834874719574484,4.887357254357694,4.98436376319674
-1.9793129249214347,5.557656451747238,0.7523860851636076
-0.6560895720828375,6.599297016607447,8.364847064763742
1.6161194125084113,0.049288950346757066,3.359751757586678
-1.710106015413773,8.557480978454016,9.13987920091405
-1.3203282503073757,7.0930360099566,10.498909153534765
-0.4287148325702246,-0.38793020255564015,3.9007234811505125
0.49664706347268855,4.0026925409249765,2.5922554358892396
0.804723747324247,5.075577878662058,2.8787716753966093
0.011658064812766655,3.521158171620865,1.9448782224059902
0.11291449720471247,3.2681815960638954,2.196934686304408
2.318318420835178,-1.096529849627069,1.9658905840798968
-4.328599422469778,5.802579847265353,0.8018641529794845
2.0192476731928712,4.717878681241985,1.5480330595379552
1.2158528384028864,3.9339861611445865,3.0278033105754147
-1.3077633377599722,6.327473441850046,-0.020424259087442054
-1.9130731357907074,3.058063508901898,0.8437056865051524
1.2747799573065324,-1.3768574371661335,1.450632928682615
2.1156707630897955,3.0689615070947376,2.457609162610427
-1.5202581088975864,9.009876173704683,8.758044108470756
1.7896312419358333,-1.0630312479933859,3.53554310806791
3.1084234891169387,5.240233053279506,2.0201723445632074
2.1870957019014226,-2.38511001712786,1.617084486738805
-1.9437616187027438,4.975591813369702,0.0010007375951804898
1.7942476858013008,4.02487305234515,3.486835278882169
-3.2148295296090876,4.548309243657461,1.2057824986719383
0.04045108222586791,7.331479963027758,8.343898116002249
-1.4616436159571964,5.687617908887322,0.9059901581260521
1.8745107009501107,4.10599987577566,1.2174912620476723
-2.5360209451209683,6.7909962464614715,2.1640323889895474
-1.0145482538263542,9.143483998465873,10.035024015986922
1.9437162285967302,4.248434779426001,1.79133017284019
0.5655504613304452,7.732002316843747,8.968014125173655
0.8043185055090436,-0.6294814704388706,4.172487170659614
-1.3787222995633022,9.471870801251786,8.025938324420068
-2.0410675699123173,7.826659658541993,9.159416614706865
-0.8802025646569258,4.925729472366278,-0.29715768453116387
-0.6476512937971355,6.827632523391665,1.0508174689658842
1.0808248800936224,0.33244725977234046,1.842367626408596
2.3751264465910054,-1.8020127370121297,2.4808745484962627
1.2207135345081277,5.70513215874035,1.6448857277750073
-0.1238961926437534,-1.9969283298769085,3.6466637825947226
2.071274885689644,-3.1191335008745478,2.9042330605340125
-2.4479599198915776,6.302186033533181,1.8785467237535536
-0.7902655979547368,7.888566754656939,9.46142311236039
-1.043218768252626,-1.4269989536335537,4.199718706260833
-1.8885522731034818,7.360237645002398,10.521593502141858
-0.8502454468977447,7.613097017590856,10.015284498922899
-3.3073356396136497,7.922026503903668,9.673223938614147
1.1372875740274337,-2.505124629421576,1.3948821251538281
-3.1905747884367632,7.710519474111629,0.44298156663893207
0.6264036447060124,-2.2104715581137446,1.3804446514296003
0.8694243765826521,-2.564306457955709,4.267412891101126
0.6497091008672873,4.295577445178776,1.5326481050343999
-1.1855708419750113,-2.208649536929823,2.306816346837988
-0.591497645761959,3.124629396810702,3.3566955930976388
0.7166930967124556,4.668268576688895,3.5265894775752162
-2.104046445677301,5.828269794641298,-1.789771451088892
-0.3393336697439152,7.165352572177239,9.419554193643952
1.5087596058228507,-1.9873577292803226,1.655863050856682
1.0670960055828203,3.822394703400757,3.4523328227466203
-0.048495067877888154,6.478348341301042,9.48803038733442
-1.411646119869453,7.5145777040445,8.869824423569513
-0.933053360825659,9.096249597751926,9.604258493979858
2.044095673805782,-1.4549188182858837,3.1261154320441293
0.8461247175077291,-1.3207742138504466,2.291355216385259
-1.232012892544598,6.524814475145395,1.2526977127823506
2.091078245078571,-0.9995154856568983,3.924586185255459
2.442198025869229,-1.940666506941204,2.4137501811693847
1.220880439875967,3.523864078523387,2.1443437239294414
0.5894150794377391,9.162293597445933,9.100441285668945
-0.33971809767346606,6.065321186437149,9.400367571036632
-2.844330962653963,6.416302924000258,0.39824641392036986
-0.3652266470365475,4.780685696370613,2.203717102812956
0.6695043025194904,3.8974841970033274,1.1912225303305084
-1.7862352368225287,8.283949929444384,0.5949818743261961
-1.009684509789232,7.371872390947398,8.127500800849454
0.537795620511889,3.9336231629346874,1.0960121287922897
-1.9827671670985199,4.216000599475976,0.3857974236563592
0.35046091592839257,0.1858209176737886,2.2305852387823917
0.49542473767376594,5.007372882091778,2.984412669201569
1.128451846602264,-2.8366784202821975,3.8612749974882803
1.4753543542182617,4.609990723752098,2.418965414146241
-3.120346641549487,7.9075871513430345,9.564460953573384
-2.2546655969916727,6.905246643029967,1.7092092602275604
-2.68711170915407,6.033496372232063,-0.12348679748623004
1.1117247417364755,4.348953183387221,3.9146138552845064
-1.2586380569903155,6.772185542551769,-0.055929668738697536
0.5971225156665723,2.5614311296391596,0.7520247673205622
-2.267624804999825,7.882068883543599,10.310155975831677
-3.044313245568315,7.135334430354531,0.025032602238844515
2.8985948339908933,2.1887313122605825,3.460632960157298
-1.8204024731432962,6.902855809454141,7.926936330272871
-1.0615901998212973,8.794923461560339,9.590703425473714
-0.11602561258325461,-2.8044923855185555,2.9713147020155817
-1.7857098769124984,7.45518468030905,9.538728140126395
-3.0955024845750336,6.424580524812734,1.3692109317883363
-0.03329103726727123,8.59607673413858,9.590362939677211
-3.1925052187882637,5.579893880917818,0.09793784565387526
-1.0701576546483107,9.248012048796872,9.939169948198556
-2.571414954454972,5.262461425816058,1.4125233868689624
2.1897347466915296,-1.341853358729123,2.9903172253553802
-3.523656411661533,4.1956292717370705,1.2061926443972788
-2.219047215390244,5.301221142059206,1.4186933472282872
0.5664803097641069,-2.0986230467003453,3.9472911795640386
2.2065607592742156,5.506167176232801,1.6679407040249257
-2.009718716051761,5.491830387411787,0.9236242505558134
-1.2315820115935048,-1.331837090488674,3.2788846270683782
-0.8906601623173668,7.595921162108214,11.265581067112638
0.7730456426797158,-1.6965493550643838,2.4579127363280913
-1.6792400745675988,6.186500920008819,0.0941595090854469
-2.4000573855555993,6.634732773301033,2.007121974443427
-0.6879029066196785,4.177217995809,1.6918297413168266
-1.0267202335771364,5.30586540596439,1.1072785427038692
0.9264198976516231,-0.9739401638263692,1.81946000844097
-3.007439987785176,4.475582989826644,1.312902995704782
-1.0590802219510365,7.4532579529296,7.791509247233561
-2.772433441642321,6.097573201641526,0.28407138701802215
-0.701847463364631,-0.7025140828777922,5.409368463530781
-1.605087244337959,5.00305407472496,1.2337539561258806
-3.7004868214998825,6.4926266952095215,-1.6757713015869382
-2.7535415331920627,6.844473721320883,-0.17473281208948654
-1.2659973528784252,-1.9672662264357546,3.598028027354956
-0.5757042747898995,7.421077825694153,9.292314002438248
-3.0474068716541964,6.228381657547403,0.25594431232730497
2.1647946005580083,-1.3431505177902165,2.151572609386042
-3.872979940433276,5.91647042027408,2.165223259530915
1.643494327183702,-3.6372710451870716,3.9907057959171404
-1.6107180970522204,6.128958172813217,0.05413182694235441
-0.029634399107165255,7.10911551225114,1.6142796140216442
-1.3163159643037845,6.789733427964555,7.526270642033
2.3053674890209654,-1.3500167517633386,4.646214173098777
-2.0253205188321184,5.821391206543449,0.5656668811445915
0.301937417889119,4.335617885722741,1.4194214430539969
-0.06265115494030038,8.119796874025244,8.8625145600037
-2.777995185226389,4.518971475319346,1.5443641601478477
0.43681544517199367,4.028116792887833,1.3455395555859897
-3.107363984781719,7.841904675906162,10.716775120724973
-0.7675815657790876,10.838583311007527,9.121983079479596
-3.132435153860749,6.977078691413192,1.3701747061060767
-2.4346245027351854,7.277089528593839,8.53727861782184
3.164888757369332,4.084014341735028,2.9559914265220586
-1.5246768425723085,9.413019363840162,9.53693724963037
0.5229326464079782,5.19649548032209,1.5816634644692198
1.0075376255740645,4.211675212756434,3.410710224027296
0.07715714011995622,5.141335241594716,4.016148333946789
0.563600711574566,-0.6192453882751402,2.0811112186801344
1.1783030235801815,-1.2332233220155453,3.174613600644472
-0.4381226977064705,8.59362100398864,8.555128011060091
0.18574705671341785,3.396487205923063,2.27951974239856
-0.9671867727403276,4.812086513042363,2.6386355282541767
-1.8854564869911477,5.684887917648348,0.4091636059627809
-3.011485088221587,5.893907577539101,8.082516936939053
-0.46337755441618667,7.302075668034426,10.643447822571177
1.9050120033534366,5.3848432715354635,3.6275978389681027
-0.8225034765105939,9.683055873678732,9.370709964597673
-3.694485320415267,5.869898248176855,0.9065019987031917
-0.4125336456942712,-0.44777336416766955,2.8151195763153294
-1.9795292731838992,6.60875944006184,0.20913987614171492
0.03139988115848413,4.8745758568299635,3.59806385972593
-0.9347344994434486,8.403285974609116,10.955915411027743
0.5116602977286251,-1.5378183511128152,2.1870754981592575
0.7962892319958892,-0.7802382958038883,3.8470640715004625
-2.5388115837514746,6.316922099304477,0.7814811000824751
-0.7635244209520953,8.078799707327073,7.842550012758438
2.636877638441009,2.8871838450227494,-0.7469352769588351
0.03361552099071041,-3.6104963525168303,1.7667321257065618
0.22467082700851382,7.7832705570162055,8.939853742169046
0.5838810803968584,1.2576442726484633,2.5985794128203974
-1.5674097769693576,7.973371027317784,10.520580989216374
0.29794024067252534,4.220498931748427,3.658131150810014
1.7373078036934886,4.425462343941218,2.4991307541783034
-1.5751484471055903,6.732054534876809,-0.3957195585558123
-3.9966514792812844,6.580355806558042,0.7546167819394807
1.6041352736403103,-1.3225854226057898,0.9971766624031928
-0.6066683187885868,4.914166706555595,0.866408263648849
1.6116946051004906,4.846398110947186,2.7712064148698694
-1.58268402361032,7.394115148991638,-0.6829860217088797
1.4485172286343437,5.2341958235595065,1.879951119105858
-1.1190238749188286,5.183816803218679,0.9327565838933036
-1.6854367358690647,6.035164718934227,2.1543147222167143
0.1974322823479957,4.851729322467525,-1.1736327460245826
0.13070062491460854,-0.350843736768109,2.6669598645519628
0.9885020621853124,5.8730469419842946,2.745696545815927
-0.9085481947239096,8.468973179363159,8.96056530581453
0.34228141922977373,3.9103382062627268,2.0579850613235586
-1.1999525040844887,8.01049795437874,9.481571122018478
-0.8803451393777884,9.103614307642678,9.338707920219887
-1.8753514992214189,8.868668660465321,10.114413714684007
-2.5284687461329924,4.958571857624392,0.053734649554103786
0.9976213023900437,3.384673882578446,2.248021370498094
-2.297878473377409,5.219385467667718,1.3183011721590265
-0.4691341354540518,10.001401374350554,8.77700714376845
-0.03711936629312362,-3.8401059469189724,2.6017406855834064
-0.9546789967570994,-2.240231003613982,1.1556533637922446
2.3687885279807674,5.341372994499024,2.074059313207136
-4.005519608342312,8.591595854596724,8.290486886744597
-2.1088350550693895,-1.574069880875147,3.7497600463928014
1.9730297213663106,4.155021175214711,2.1512717264026477
1.0622220519808798,5.055733915125586,2.618257240019006
-3.2534862197759686,5.304738796502517,2.241374137994468
1.9900206260447557,4.810456353476779,1.4330420496778222
0.3085573579759361,5.985709067521528,1.202681674262231
-2.1651891379691492,7.510362093411065,8.617795522885146
-4.79116638690671,6.530906421851298,-1.0754567196998748
-2.133778450778408,7.208348968084044,-0.41143165327904063
2.6057701217788236,3.5265592852932555,1.7552639444950828
0.497579505662712,-1.1925465353750269,3.304203245229584
-0.12122657622374966,6.016092548791686,1.263152500867728
-4.857636610701782,3.565457434759456,1.0995867344814347
-1.3505826429917391,7.4322987110273235,9.195685464899656
1.5488834315872853,3.4425717740497483,1.5456723884865204
-1.5064078133230505,3.3114717615509988,2.145148337167439
-1.812092970140109,7.9404480074412165,9.189083113654124
0.5000456422318256,2.591158004765935,2.6682198896158784
1.1721672802583403,-1.3402232527590179,3.6616452227340073
0.27036459862337636,0.007091661981511566,3.335607719256232
2.3265560842959125,-0.5208023071966561,2.9426749205841647
-0.41368698358820555,6.719808610848549,10.12091287884377
1.820633054948042,3.303571980058825,0.5104964246552663
1.966394518273686,-1.7607704238364357,2.8160771546128798
-2.8023779717307473,5.401619332295303,0.5153903574115186
-0.11762497818790996,4.50958413118247,0.7487459985102771
1.8188588750034755,4.549403755350165,2.022271041168212
-1.163541650953133,4.55410057059672,-0.9997526731580009
1.9628883689160774,-1.1697503519141736,2.316925281950666
-1.4882871418443084,6.737398145289377,0.8991284089736982
3.187291512536979,-1.769460272724168,3.6389141826260194
0.8481275580427631,-1.289505163699508,1.4063019381915831
2.4143321663134047,-3.4393727467116486,3.6603026305399418
-1.430279217365733,7.197556089129734,11.037456986945188
-0.5694136778395731,8.246124805009451,10.042418292733084
-1.414546336497581,5.8411517617300355,2.1508016726171357
-1.7808971439689376,8.193493438078328,10.944672173712979
-1.1150851484273676,7.888724188543908,7.978775695922325
1.0406439317974328,-2.1751765634865157,2.92510809388056
1.5643078272863078,5.86079736898055,2.939294718859204
1.0063118636327901,-1.48277491442563,3.256197800558782
0.8166966404002282,4.170085767779951,3.1330113274091405
0.1653988318070061,-1.529322804498022,2.7877118752393564
-0.5597426994011225,5.599993902764034,3.064411917773451
0.3827497611989692,4.965792693900292,1.7143931108634072
-2.988135836445441,7.476414080390999,0.7422100352394483
-0.3590164682301853,-0.5872896197144556,2.1840655353069445
1.765328877951049,-3.7831541310323242,2.474279521727023
-3.494245794790006,7.03694914499993,8.463861494711102
0.2563295464046004,3.4102129251341986,1.8992436304355906
-0.3803790877364178,8.539495520537617,9.259092197670057
1.4701068548274514,4.947101792511318,0.4846441127994252
-1.0540153475401963,7.7578852982824,11.335081580558246
0.9247626363972531,1.4530721585367483,0.5490788086999663
-0.9458827055866885,7.2405146299118215,10.656685060804952
2.2361454100635108,4.544784059493511,1.0829496034063606
-1.355122740586232,8.923775277686076,6.291883199725268
-2.0599125070563358,8.009643129808243,10.75109253077245
1.0857771799561848,-1.7792819819060781,1.5543382508784918
-1.147619939499064,4.763372232282446,2.335325381470558
0.2368747760362997,3.9278273614771306,-0.31692635008013736
1.0811772436320077,4.437700250063866,1.4426417825579423
0.3805621492021609,7.489041444411459,8.254489095629287
1.0919351525928416,3.7564317531497236,1.504468095726038
0.46785814989728597,-1.4639446579580007,2.046237048562313
1.0037797805763309,6.535803716973568,1.9502878204139245
-0.12966208281170788,4.5424867072967405,2.228274068977595
-1.8255142751668707,7.25038983775626,8.98083841009528
0.8309956213417258,3.5472937985676416,2.356781578829644
0.48661321410554464,-0.7776044582157058,3.12902003045232
-2.5669833989626127,4.175553286538147,1.6957619625647085
-0.1421297240330195,7.590041834518236,9.20971060795636
-2.0736236311769334,4.626438289588307,-0.4043031087707074
-1.8691405679820616,7.1131556143580665,8.553918005640345
0.08901582061906077,-2.617031513751438,2.6072146738675475
-0.11167732744250691,-1.9964503717428164,2.868271602653125
0.7080452293709416,-0.5744373867840264,3.0880916621139733
-2.769263875096891,4.469409410156993,-0.8732786994767021
0.23540337434242242,3.695496177366895,1.4145417972426788
-2.4370566102492077,5.983322909645824,0.9384363578508592
-1.8337524525565994,7.649418576687795,0.4947730594817625
3.1745664172169876,3.3131163968212407,1.052598934063087
-0.9371480049883962,7.281088616082081,8.7455501307979
0.22764037933847492,-1.3747398232162071,0.977348864163406
-2.556105949612095,5.035180443044612,1.223938164925509
1.2696192115029152,-1.9708640222613978,3.3360856099862395
-2.064879305546929,7.202297726805233,9.255480337251383
-2.7852656997329226,5.54121897528182,-0.5159050019267353
0.08080258162583509,-0.7813994133115401,3.3719114351915054
2.3472590848376162,3.793944085309911,2.380137137229064
1.7137915919603768,4.736906056897324,1.8450787076361157
-1.676851456990208,6.552142363487473,0.30539779437015324
-2.7984884873150113,7.6690665867780075,10.033144759393977
1.3144955522316104,4.955568589149006,2.0567385216782887
-2.327632753642055,5.828767441583044,1.6391622184865104
-0.06627498752951921,8.294165865997506,10.977030695799172
-2.114121508787832,7.854883526763284,9.025976247481815
-3.0114958576896833,6.796752560524909,-0.28082411611678426
-0.3270550054200403,6.78947734651078,9.513140022797337
0.2453964925951092,2.662084098638606,2.3309340707736523
1.1338891495062204,-2.2794862975587047,2.962995265146089
1.3843447278926637,2.673784676424681,-0.6644118428897365
0.9369872603189995,3.1356938297071926,2.5785441819646318
-3.231486461768325,4.586723726320874,0.40071392565113406
0.6424791181929309,4.2836582235708525,2.8302907846570484
-2.1292716754440666,7.158770747497029,9.345009215940996
-1.5687191208508504,4.511870111241489,0.14328719371500248
-0.4533837153206608,-0.3387537975859143,3.4093992675599307
-1.9177416471201607,5.702488068991518,1.6604711668635548
-3.278782546246698,7.199299335209878,8.853743640550821
0.9261626197562022,4.735421180259613,2.632202118486102
1.2271861021074724,-1.9527198795857743,4.926031540710081
-1.2873902224893135,4.678807247268543,1.9729238746415259
1.9427092778030775,-1.5544382535917871,2.557916751680252
0.7595386079709564,3.373630824924069,1.8766784293455487
-1.4899703253341827,6.1854978750680845,0.8138172340437961
-1.2513944405872137,6.726183662832251,10.472652196257275
-0.7786664284297151,4.368973641219879,0.9423924361280811
0.8066309920801316,-3.355880648517851,3.3138584724727345
1.240851769553706,-2.6710270929096263,2.871994315821834
-1.3143486581146036,7.0354201248486055,1.657995508547541
2.1289397464772657,-1.8150905448437977,4.176079198327103
2.0748517267776414,4.176720164609873,2.868719766546985
-2.1691977689531647,7.748776978674879,1.263107372992052
-2.5412891494303675,6.9253368180866115,1.4888279725698053
-1.488500388364143,7.7391563444823985,7.078868769573046
0.4134834060578924,-1.3198752403022604,3.67286933843314
-1.1307403869138786,6.60886453386671,9.557843802064115
0.3757360427957971,-3.1190990389853983,1.4919318134927386
1.194173465668164,3.6440760802387198,2.5292753887099075
2.5593155211227074,-1.594849133612404,5.278110846986538
-2.2820193312006714,6.244094881100261,0.04740419193160639
-1.9048254953904595,9.664068352965423,9.852157127367594
0.05154339369410388,7.616871417134814,8.917323797964308
0.5395217410884876,2.660822033917781,1.649195725173046
-4.172408916734031,9.517990268822503,9.126142134083626
-3.0265347679661354,5.094780193648676,0.813386869235105
1.030843545047222,-2.068582361922172,2.0525798978089504
-3.4372680683905337,7.445220716625597,8.05739784045017
-1.470093701359326,4.421975930048028,1.5772823146410857
1.4129085531757881,4.496516323948117,2.751706194824317
0.9163420758754044,3.5038737043077255,1.8351917416125223
-0.7769970513246846,6.713827999029485,9.508145314545668
-2.074952972235948,6.313096163366147,10.195279329129441
0.07732792208095907,4.3783737339919435,0.9781684520288831
-0.42606045433878803,3.9967188406069534,0.3413521318825885
-2.226700847861973,7.061314992696719,0.3569560758427188
-2.91163658963914,6.687572797371832,0.24859137755466132
-3.0400792588829213,7.74223006034512,0.01801803225669396
0.16382182765780928,-0.17879082408239433,3.063358687738
0.2844598473068839,0.05536667029394171,2.533444165398859
3.310011401450591,-1.9841207656825701,3.2352821216621472
-1.6079205957442724,8.761128339348403,10.456058591895708
-2.346446635332122,6.972404469706557,0.08229839619871604
-1.808706204724581,7.53635409538345,1.7696287452068902
-2.383281047971712,5.874860503514879,1.8232608147713556
2.4679675718491687,-2.1528471281903627,3.39021014751886
2.519284673953231,3.0109304177249414,2.322318390782061
0.5516067761136294,3.4738227299104283,3.4664395853224894
1.6882107935407467,-1.0645626985439656,3.047736651005915
2.4500348936849,4.692881296314111,3.2263085860533662
1.9317690392550075,-1.8193636370115804,2.083532893346554
-0.2795048031950065,5.5266647745018,-0.031242507422309718
0.8317032616127591,3.9421880466667703,3.1198526575607297
-0.4018133885175821,3.991811219532177,1.2149771259535713
-0.705530757687589,6.9372169591740835,10.346089383344886
-0.2062008111652831,9.232462725502804,7.887223474118599
0.7304110903347064,-2.130937098861605,4.169174594133129
0.9208752642632098,-1.245229455741414,1.392104749467576
1.0781876526528777,-2.3275194032030804,3.997701881552775
1.42074898557513,0.20986303067967382,3.4265357495960225
-0.4955649289170918,5.95192225965595,2.219495276920212
-3.3277419084453466,8.853247371237469,9.69992976954145
-1.846681919130364,7.438297305202019,9.075393238870642
-0.3579883928562584,2.9570698216508347,2.7490406741230107
-1.506835285022883,4.856227209392804,0.44879073155023086
-0.9983845656736303,6.631208514242751,9.017965917535607
0.9189888787559797,2.8553204642004015,0.4824710688847047
1.2349066065106722,-1.3879675427778762,4.323825974618319
0.8480220891600633,-2.8262994766044303,3.543237690715807
-2.5476469494663982,7.193371971603133,-0.19707264959971227
-2.0601163876426565,5.077161443311827,2.2864803175109456
-1.4303037144595667,7.558811155232496,9.811803898713316
0.008187960881917089,4.780855419805255,1.6993160283860715
-0.26635949957266325,8.366629465868613,0.4544002275497878
0.5126741039004008,4.785268801221852,0.5144705069882531
-2.133594938216469,8.447788231467982,9.11064141804089
-3.0846843645601214,6.227063473564371,-0.941436193903969
-1.5580313309431795,5.9651880158816155,-0.7456617923257425
-2.448731306581886,5.853405449962148,0.4708052782193105
2.4176671774386804,-1.0048207598690813,2.410822305190134
-1.350171003725455,8.921205703120133,9.080192869269226
-2.735408032553676,5.357424355986643,0.42144412244985785
-0.1876937822935958,-0.4575475450971791,2.5622538378720727
-2.3190091911013506,5.279140088788591,2.4334407957437993
-0.3930606932419647,4.914995612763272,1.303994177203942
0.5707976214058237,4.737726295678679,1.8716767579623237
2.164299870898797,4.6207299393732395,2.976126345213697
-0.5876345562932712,4.322414698109745,3.1095924963369557
1.6098039810068956,3.6949722100312585,1.8291450516689216
-0.5035335393959404,-1.0642111368557325,5.299568667329128
-0.7627543831598103,6.203497250635066,7.290497569476405
0.4386867099884332,4.4029921899798925,3.6315664940605954
1.0261273451463178,5.651823107873109,2.9629663194207767
1.5660026462984251,-2.4800835112369763,2.43858486377869
-0.4837479907443458,-2.1395425735904645,2.536592391524828
-2.50310643066327,6.242413816081238,0.7533112996913627
-2.5294467032927677,6.60003658945041,1.485237351384304
0.5691848506612143,7.349141469982458,-0.5691549827185469
2.057646113004685,3.672411338999001,1.8139297299797734
-1.7063360778739483,8.729391768273025,7.712296289106927
-1.6381676919076502,8.125057909983886,8.922133682260174
1.4153130362185375,4.084246299117177,0.9712309007609434
-0.13830300593898603,-2.121059974200915,1.7356065529082112
-2.74910873010817,4.908126290909314,9.933995125495606
0.4546285685758761,4.230667681500193,0.7578878654761381
0.42342334526935166,8.478727742789342,8.507389730171926
-0.7287933088207093,6.164288843008832,-0.35382700269807665
-2.678110704042259,5.0684616268783556,-0.056728435135422584
1.0489000975978695,-0.4824145631711023,4.551231322641091
-2.908536230963199,6.664308417913784,0.08825019511449
-0.4660742931864017,5.773720797468988,10.136045442270884
1.5052136969630774,4.549935116133234,2.9187871798141924
0.8040692858496125,5.03413911782541,3.1598459950043543
1.136416530344068,-1.9416916755790312,4.674360904363344
-0.6887602652821576,-1.328816974728768,2.700302243941612
-2.783798256526107,6.118014929114584,-0.6813531955913892
-0.8101076180926237,8.21911421332751,10.82239077394479
-1.6851235163391305,3.8463788776598022,-1.1562802487392085
1.278259288904048,4.911943755049031,3.1702298443802803
-0.5848698856743041,7.633100060316824,8.630226149590596
-0.4515491388332,7.246751938995954,8.161076282383629
-2.653315878423201,8.066221249098923,-0.4253534674183035
0.6784791991447667,3.994774358401268,0.37926371510290124
1.618481021875921,4.562584894788999,3.095506485682437
0.07990035599431489,2.341055318307638,3.640088048781896
-4.315782336893613,5.196896932179424,0.7609503524760381
1.4733339721821905,-0.9758700217054334,3.5181756474112866
-1.6671231188465776,8.68758582246959,9.555209829232721
-2.364080897585329,7.6077055656277315,10.604968195276875
-1.3901927290334153,6.691186291239237,9.815195560804653
0.8842935194273461,-0.622761728893355,2.3887411187500995
-1.342938205669126,7.341040060784388,1.6045661102388087
0.6112148620002373,2.512459779407206,1.9966809702990171
-2.2966938394348118,6.639538521970903,0.7365547074860862
-1.172529924228273,5.086983701701849,0.33443576024791155
1.4955235378082055,-2.0329805693005603,2.2294361226123245
0.6452594751447491,4.754076158095734,1.171252791684792
-1.7288076979972242,5.300937415989242,0.6321461534595665
1.703644320448888,-0.7222982891064328,3.172714606676061
-1.7257950000248723,5.310337073272587,1.2412939853289042
1.9368273030037235,4.52962780605108,1.5057689751288377
-0.5286306993619848,8.16613738411543,8.885268064583205
1.5684757601905344,3.3368562389916554,0.3235361749649517
0.9575030230066022,5.587242363714916,2.6532140128250585
-2.4135762098210236,7.2980145095252755,8.778110783515103
1.9671792522313403,4.11707821563861,0.3707502660079951
0.6347276851901984,-0.9981395956633007,3.1007999912882354
-0.7788320530349648,3.5139990523051523,1.1662330952876698
-2.75346301251642,4.749761775803549,2.3802081864862314
-1.1744622310874229,9.549980423671618,9.26830875846931
-2.2851259135240314,5.7546410654810565,1.650079136640239
-0.15606546817859934,0.004849011204024034,2.5913886775887667
-0.8507156961828584,9.5848688590564,10.997133454473305
-1.0185623203230447,7.970746399781438,11.28856467830063
0.5129458078443829,-0.965901124724268,3.6953161951269076
1.25059748019557,-1.8210626372756358,1.9615702642409814
-1.7255229871614879,5.784650814084386,0.19952292592475385
-1.418663674125709,5.71314438688582,1.208200099712057
0.46392125205585666,8.083887669233203,8.534572173357382
0.4437801593374273,4.948842600908267,3.067109954427067
0.808055855779421,4.681697429186865,3.379626271428717
-0.16421035606260448,-1.5153695371387361,3.7059746286898827
-1.963556764413616,8.913301590291391,9.896428937960943
1.2145258412112803,9.123482609391212,10.63960630269879
-4.248098437577818,4.843686375781826,0.7562438568978962
1.4495530518642363,-0.15557404497099658,3.6887677006372392
-2.154565004164696,4.19077690532386,0.5668432979923869
1.331751871290264,5.118307149936256,2.114193110614508
-0.8439000910560591,10.377794616741108,8.894111789892602
-0.27165267804519666,7.716799808494912,8.828365177954788
-0.08120356925503502,3.747802295569423,2.0820059041075147
-2.2805323936259487,7.154722360516821,0.564116601651411
-2.732424560655529,5.719143997280633,1.5894538440460817
0.32397647861147594,3.782598015147279,0.2121979712762294
0.11416439595146077,-1.4193849815564754,2.931866796192399
-1.1046359328194344,7.504630349320262,9.407965531409257
1.8392872316975866,3.714089531749065,1.7827347729451184
0.712712242876901,-1.7036867265484004,0.7186282160054032
1.1888571249840316,5.8508188244392345,1.9949799877937588
-3.176304403002395,6.984739909604583,0.4664852995832447
1.9289827642945627,-1.463413532835136,2.6964917629860587
-2.5484768071565274,8.388233566196817,8.508695045532129
1.40509396574005,-3.6905695742256883,3.226405010973948
-2.9978278459836587,6.2229282180552765,2.538254564134478
-1.0116572330352795,5.4086476317582495,0.6711286837852876
-0.3762175038535296,6.363783226794031,1.2211055368630008
-0.9264158921424299,-2.105612526218774,1.9929891882326554
-2.178398946425043,4.9764574171552445,1.0439637011081364
-1.2437535114941156,6.850063847278083,9.094976289061073
-2.817538326443373,5.873225829922641,0.1590752373058087
1.3326478292024995,-1.0020004792804844,2.4440917991867583
-0.8331934333159763,6.648670599870738,8.006634546343815
-2.5339998545973668,8.05591911326682,7.823077810660262
2.89921210502688,5.784302118882814,3.922826481859448
0.9080284732218639,6.017130049097757,1.310512699384438
-2.1357427707493697,6.938996006713177,9.076388567866694
-1.257346837782177,7.676189174906248,7.896081742390485
0.6928723040902427,5.12032220722216,2.057652719348113
0.8730573270847874,3.2523969287883254,2.301916476685324
1.5134352941732907,-1.8050147520378765,2.6411354466265506
0.1356247000975096,-2.2077111180226767,4.002629837970828
1.0280904680289167,3.424626698613315,1.8241659138398814
-0.03163972473740295,3.6278956334473733,1.64205049308107
-2.0460140874304518,8.044368301930461,1.634967034827241
-1.7575935131529168,5.475286992774558,2.221755325447843
-1.9648575702173245,9.350649481819334,8.910200572845119
2.298441305418118,-2.302667548752397,1.790300647184478
1.1318608135153925,5.240582543702379,2.82559840076009
0.4409999140136506,4.329192535833406,3.209451551926897
-0.4298346928445158,2.6990487975874027,3.5139822711088717
-2.1644078564503073,9.89235386917985,9.453674924194823
-0.28522166824412,4.817791507264453,3.1428138368997725
-2.397783073518984,4.1218989354403615,0.4215836206110848
-0.18108518064435852,3.9914950763226966,1.897600505269062
2.0562012956890308,5.397954318892333,0.9610265683977866
0.8705187292714622,-1.1880498510391688,3.695885804701051
-3.2145118407193274,7.704762893638001,0.4689092767450735
-1.7933658187539563,5.1441398052245155,-0.6099546131421605
0.6956717046797759,-2.975729901891674,1.2037175739005777
-1.30224319821055,4.900846681880677,1.5464821165604326
0.3341183502363392,-0.44443145924165206,0.9659714330327356
-1.1538679326746761,7.168664484511233,9.939300062769727
-0.9699120976045745,7.614575490604565,9.680864345013275
-0.08894422742402641,7.378097557736182,9.314548468564608
2.032819591950826,-0.8942229029553823,3.571745447312583
0.9383630173623588,4.146482039167824,2.3315073734528515
-1.1327077980335234,7.8197918630487955,9.355073904536232
-3.196431917445498,7.494468673804046,8.918601568831484
-2.851331882586913,8.11806445776105,9.46168080706514
1.7051999459317344,1.7247365822589154,1.1177581353241486
-0.9963521790419771,8.845511069826744,8.5262604691322
1.1012033603425497,-3.6113361485834345,2.9109448201272
0.8203720927807915,3.564618127057561,1.9965413280639392
2.635820874736367,5.372296726764399,1.6018817175814903
2.3691958813647123,-0.7349329687617797,2.0731251602036056
2.304052774504478,4.202505841230991,1.2521261340912497
0.742159358446205,-0.8756019544245232,2.9961234171735023
-3.0161097105878927,7.468215122336598,0.9536445848537238
0.7342647399314473,-1.683207481560548,2.609079351987873
1.419116192293234,4.522184400578327,1.7110710649654968
-0.6372117807490808,8.283689077476335,10.084305917014456
0.47278321540286866,-2.859199480076726,4.808285964414779
-1.0495792799843393,8.930069463673002,10.256050324672755
2.5648228783982914,-0.9024566939714731,2.9724436460381165
2.04158557064449,5.2891048363882565,2.822187191094077
0.1544361199206189,-1.922126079071965,2.092102898081852
1.6293073619529235,4.115338245318322,0.8794325334946491
-0.12122193941797232,-0.8294943100101353,2.214366945712901
-0.7796205048912244,4.7547217892543046,1.3712566236956614
1.602744761432406,-0.9754304664209857,2.1053662151475216
0.44466417053504015,4.669636115365249,3.3530927884064634
0.614480240483769,-0.09316016781252068,2.349265020983589
1.5592237582997885,3.9043382981855146,2.425323409280397
-0.5016911228220291,8.163413667060432,9.423352172495123
-2.426772478909416,7.701422932135342,8.89740345657423
0.5594261923280222,-1.8778858108219614,3.548259298280194
0.6060635170397388,1.1031528108136417,2.413787558216589
-2.14847253220593,6.022965758791502,0.9754939094000217
-1.7019195081204774,6.2030877460645,1.693612843599776
-4.959319073680577,7.4212411958211355,1.9940026800543544
-3.591842927121216,6.941763948421159,8.640794338523865
-1.9409291595818448,9.32944054126788,8.618201801481014
1.3500630780416327,0.08789236586412041,1.791041405964589
-0.6430899043510474,3.79274686386828,3.7958969673282086
1.1560472863377875,-2.677332576055369,3.246996447532125
1.622412810267197,-0.11229427053293461,3.4877265791332137
-0.5434695634342883,8.31604506847823,9.100687086963635
0.641648472592373,3.424230230137006,1.755260862421121
-0.6239601195642146,7.8304451414765905,10.111604444302358
-1.7403629140854506,10.855129611593883,9.875711141227972
0.41286241542832536,5.318525022278167,3.4955711624505006
2.5103922546900237,-0.012721882214107527,3.148900943550399
-1.3919387830056125,8.378346499494198,11.888435899078253
0.5381957769353087,3.050991967398464,2.832757877264788
0.8954584656027541,3.5999282914579434,1.2844832207263126
0.7648317877009384,4.288782240417025,1.941855890790144
1.488536805372477,4.389630432790842,1.5613408143469574
0.6988825782296544,8.117275224843404,9.889601924800015
-1.0500509989514961,6.372432786030277,8.76792611747669
1.7817783146537987,-0.6641965791522797,2.270344235647304
-2.7838796020443857,7.353396035255262,8.991857993109445
-0.4147304760728825,-0.4606315985946512,3.2967425899845666
-2.8189642731942364,6.891934768162191,0.0673226462684694
1.533930360044455,-2.294553242863906,3.5363617446617086
-0.33467550706189253,7.789832517466154,9.302069534896738
-0.9349510462044609,8.259816449271595,9.456057878973454
-2.948406840198168,4.928206748351247,2.202846094011366
-2.4613959932282894,4.8055636002718165,0.5864402669280605
1.311375698742494,1.8662229682490339,3.170192080923158
1.027845021316384,5.171063956256818,1.2069469986276453
-0.5907246323151074,3.852484290345864,2.320955496399114
-0.6625372285756828,3.5704745198647245,4.204842056300165
1.2036628536676235,3.2870486788386213,1.9404921966620798
-0.14715459390133323,-2.7268084764957434,0.24982091276705365
0.11234893809500412,-0.8504953286769155,3.9750964255275667
-2.535537632787815,5.983477323433076,-0.8814848757112268
-0.6175682581658373,8.152571227589487,9.282795232033935
0.6569765072638334,-0.9084823043667839,2.9941453714088793
-1.3819940464259441,5.831614961693023,0.9737755791012597
1.6527033734929948,4.8803781440633305,1.846968765854883
-2.625815169200701,5.523315109219325,1.8574846260879077
0.7590174162205671,-0.6028836749591228,1.6446490855020064
-2.9040828004444803,7.741905429331873,8.1831742023738
-1.488243011480801,8.03698657366466,10.368628953131177
-1.3455617495085157,7.886373464751797,11.591136734405834
-0.7157639293273367,8.294301498088576,9.880164071366229
0.5132483244374442,4.7508114843340685,2.160987516900033
-2.6450338790358083,6.5831530832152145,10.46625014599033
1.169134034096881,3.146770046632522,2.8259405758962215
-2.5940222822086545,5.062654396052225,0.45015323852947625
-1.150759245517708,4.861259735915274,0.7309331650301958
-2.4839642242974374,7.083065304261835,0.8018959298614172
1.3782594419911967,6.186938024504644,0.7075084602904316
1.3178052821496307,-0.9694172173170089,3.6542936650293947
2.2968935846232874,-1.7530277395764402,1.4790280964863387
3.3936582223869203,-1.1920315140026239,3.1619673925067757
2.103788281700107,-0.07402624770484834,2.8891990238355296
-1.5041686203498592,5.439561613671824,1.8253597243417699
-1.24991063551896,7.542801981958348,7.559919561741624
-0.650051859280335,4.168964876354036,1.4711739746379586
-0.07461017555523453,-1.5778387936689717,4.625335751969468
-2.9515084267565688,5.699214430816604,2.435779540630012
1.5219274020165225,4.454605533780984,1.7997967352451085
0.04614107553414548,-1.1047194052528138,4.927100822507999
-1.5907864258720932,7.304400194070309,9.02067569364683
0.002102643503504975,2.6841027620756894,2.6278945386379635
0.8719265870518024,3.3157853849546557,0.8776385589502471
-3.0284133438284444,4.353479006665674,-0.16296353906157857
